insert into records (user_id, record_type, rm_kg, rm_lb, rep_count, cert_count, video_link)
values (1701, 'DL', 258.13, 569.08, 1, 3, 'https://link.com'),
       (1047, 'DL', 3471.85, 7654.11, 12, 5, 'https://link.com'),
       (1551, 'BP', 5355.22, 11806.23, 20, 7, 'https://link.com'),
       (1954, 'DL', 4137.62, 9121.88, 24, 7, 'https://link.com'),
       (1372, 'DL', 5020.11, 11067.43, 26, 13, 'https://link.com'),
       (1613, 'BP', 7480.23, 16491.06, 28, 11, 'https://link.com'),
       (1970, 'SQ', 5831.90, 12857.12, 23, 1, 'https://link.com'),
       (1895, 'SQ', 87.48, 192.86, 2, 9, 'https://link.com'),
       (1046, 'BP', 287.33, 633.45, 26, 7, 'https://link.com'),
       (1157, 'SQ', 2252.28, 4965.42, 19, 12, 'https://link.com'),
       (1224, 'BP', 2603.97, 5740.76, 19, 7, 'https://link.com'),
       (1194, 'SQ', 1168.71, 2576.56, 5, 3, 'https://link.com'),
       (1885, 'BP', 1968.98, 4340.85, 24, 1, 'https://link.com'),
       (1747, 'SQ', 3317.09, 7312.92, 13, 13, 'https://link.com'),
       (1393, 'BP', 2319.57, 5113.77, 23, 6, 'https://link.com'),
       (1543, 'DL', 108.53, 239.27, 1, 10, 'https://link.com'),
       (1401, 'SQ', 4581.68, 10100.86, 19, 14, 'https://link.com'),
       (1825, 'BP', 1267.97, 2795.39, 15, 2, 'https://link.com'),
       (1178, 'SQ', 2087.74, 4602.67, 29, 13, 'https://link.com'),
       (1002, 'SQ', 1042.33, 2297.94, 12, 10, 'https://link.com'),
       (1801, 'SQ', 3843.54, 8473.55, 16, 8, 'https://link.com'),
       (1391, 'SQ', 1352.88, 2982.59, 29, 12, 'https://link.com'),
       (1361, 'DL', 1551.01, 3419.39, 6, 10, 'https://link.com'),
       (1303, 'BP', 2420.99, 5337.36, 17, 4, 'https://link.com'),
       (1437, 'BP', 407.06, 897.41, 16, 6, 'https://link.com'),
       (1440, 'SQ', 565.53, 1246.78, 26, 6, 'https://link.com'),
       (1617, 'DL', 1962.42, 4326.39, 22, 13, 'https://link.com'),
       (1506, 'BP', 893.17, 1969.10, 9, 2, 'https://link.com'),
       (1428, 'DL', 811.45, 1788.94, 6, 6, 'https://link.com'),
       (1798, 'BP', 268.81, 592.62, 8, 2, 'https://link.com'),
       (1275, 'DL', 3007.01, 6629.31, 21, 6, 'https://link.com'),
       (1480, 'SQ', 427.11, 941.62, 5, 2, 'https://link.com'),
       (1317, 'BP', 3296.00, 7266.43, 18, 4, 'https://link.com'),
       (1319, 'SQ', 523.69, 1154.54, 8, 14, 'https://link.com'),
       (1249, 'SQ', 121.16, 267.11, 5, 10, 'https://link.com'),
       (1357, 'BP', 605.94, 1335.87, 3, 9, 'https://link.com'),
       (1810, 'SQ', 1373.91, 3028.95, 10, 10, 'https://link.com'),
       (1066, 'BP', 2149.04, 4737.82, 18, 6, 'https://link.com'),
       (1196, 'BP', 29.01, 63.96, 3, 11, 'https://link.com'),
       (1759, 'SQ', 4340.82, 9569.86, 27, 8, 'https://link.com'),
       (1739, 'DL', 5109.12, 11263.67, 19, 9, 'https://link.com'),
       (1744, 'DL', 8448.02, 18624.67, 29, 2, 'https://link.com'),
       (1966, 'BP', 5929.68, 13072.69, 22, 11, 'https://link.com'),
       (1960, 'DL', 2152.67, 4745.82, 28, 3, 'https://link.com'),
       (1933, 'SQ', 10.38, 22.88, 2, 12, 'https://link.com'),
       (1211, 'SQ', 389.98, 859.76, 2, 10, 'https://link.com'),
       (1881, 'BP', 1132.61, 2496.97, 19, 11, 'https://link.com'),
       (1436, 'BP', 402.74, 887.89, 2, 5, 'https://link.com'),
       (1420, 'DL', 2768.82, 6104.20, 16, 5, 'https://link.com'),
       (1873, 'BP', 4628.34, 10203.73, 16, 1, 'https://link.com'),
       (1426, 'DL', 1975.62, 4355.49, 22, 14, 'https://link.com'),
       (1283, 'DL', 1885.37, 4156.52, 15, 9, 'https://link.com'),
       (1085, 'DL', 578.63, 1275.66, 7, 3, 'https://link.com'),
       (1750, 'BP', 4953.33, 10920.21, 30, 13, 'https://link.com'),
       (1845, 'BP', 150.50, 331.80, 1, 13, 'https://link.com'),
       (1855, 'BP', 715.69, 1577.82, 14, 14, 'https://link.com'),
       (1152, 'SQ', 1457.69, 3213.65, 7, 11, 'https://link.com'),
       (1662, 'BP', 719.92, 1587.15, 9, 4, 'https://link.com'),
       (1928, 'BP', 356.64, 786.26, 2, 11, 'https://link.com'),
       (1291, 'SQ', 4818.02, 10621.90, 25, 2, 'https://link.com'),
       (1449, 'SQ', 300.61, 662.73, 10, 8, 'https://link.com'),
       (1647, 'DL', 5146.02, 11345.02, 20, 12, 'https://link.com'),
       (1335, 'SQ', 7224.03, 15926.24, 30, 5, 'https://link.com'),
       (1236, 'DL', 120.65, 265.99, 1, 11, 'https://link.com'),
       (1330, 'DL', 1557.69, 3434.11, 26, 9, 'https://link.com'),
       (1318, 'SQ', 7749.84, 17085.45, 27, 8, 'https://link.com'),
       (1745, 'SQ', 645.49, 1423.06, 6, 14, 'https://link.com'),
       (1646, 'SQ', 50.92, 112.26, 2, 11, 'https://link.com'),
       (1300, 'DL', 837.99, 1847.45, 13, 9, 'https://link.com'),
       (1430, 'SQ', 4320.74, 9525.59, 24, 1, 'https://link.com'),
       (1828, 'DL', 1597.76, 3522.45, 11, 14, 'https://link.com'),
       (1025, 'DL', 1489.35, 3283.45, 27, 5, 'https://link.com'),
       (1503, 'BP', 2570.18, 5666.27, 24, 12, 'https://link.com'),
       (1770, 'BP', 1488.25, 3281.03, 8, 1, 'https://link.com'),
       (1957, 'BP', 4958.83, 10932.34, 28, 2, 'https://link.com'),
       (1903, 'DL', 5600.13, 12346.16, 30, 3, 'https://link.com'),
       (1410, 'SQ', 3015.03, 6647.00, 30, 12, 'https://link.com'),
       (1583, 'BP', 5714.30, 12597.86, 22, 2, 'https://link.com'),
       (1815, 'SQ', 1055.13, 2326.16, 8, 8, 'https://link.com'),
       (1916, 'BP', 5488.10, 12099.18, 24, 8, 'https://link.com'),
       (1706, 'BP', 1362.91, 3004.70, 17, 5, 'https://link.com'),
       (1714, 'BP', 1486.03, 3276.13, 6, 4, 'https://link.com'),
       (1381, 'BP', 7489.07, 16510.55, 26, 1, 'https://link.com'),
       (1719, 'SQ', 2094.89, 4618.44, 8, 10, 'https://link.com'),
       (1935, 'SQ', 4292.42, 9463.15, 20, 14, 'https://link.com'),
       (1972, 'SQ', 434.65, 958.24, 8, 12, 'https://link.com'),
       (1125, 'DL', 5989.71, 13205.03, 27, 12, 'https://link.com'),
       (1222, 'DL', 1952.31, 4304.10, 14, 0, 'https://link.com'),
       (1368, 'BP', 421.97, 930.28, 7, 10, 'https://link.com'),
       (1599, 'BP', 2813.47, 6202.63, 13, 11, 'https://link.com'),
       (1604, 'SQ', 2103.33, 4637.04, 27, 11, 'https://link.com'),
       (1008, 'BP', 453.35, 999.46, 28, 11, 'https://link.com'),
       (1658, 'BP', 3644.73, 8035.24, 30, 4, 'https://link.com'),
       (1126, 'BP', 1289.17, 2842.13, 23, 14, 'https://link.com'),
       (1118, 'SQ', 1479.51, 3261.76, 5, 1, 'https://link.com'),
       (1354, 'SQ', 4407.24, 9716.29, 27, 8, 'https://link.com'),
       (1578, 'BP', 2652.97, 5848.79, 12, 0, 'https://link.com'),
       (1294, 'DL', 4943.42, 10898.36, 22, 6, 'https://link.com'),
       (1501, 'DL', 1759.83, 3879.76, 28, 9, 'https://link.com'),
       (1227, 'BP', 5638.22, 12430.13, 20, 9, 'https://link.com');

insert into users (id, oauth_key, oauth_service)
values (1701, 'AAAA', 'KAKAO'),
       (1047, 'AAAA', 'GITHUB'),
       (1551, 'AAAA', 'GITHUB'),
       (1954, 'AAAA', 'GOOGLE'),
       (1372, 'AAAA', 'NAVER'),
       (1613, 'AAAA', 'NAVER'),
       (1970, 'AAAA', 'KAKAO'),
       (1895, 'AAAA', 'FACEBOOK'),
       (1046, 'AAAA', 'NAVER'),
       (1157, 'AAAA', 'KAKAO'),
       (1224, 'AAAA', 'FACEBOOK'),
       (1194, 'AAAA', 'GOOGLE'),
       (1885, 'AAAA', 'KAKAO'),
       (1747, 'AAAA', 'GOOGLE'),
       (1393, 'AAAA', 'FACEBOOK'),
       (1543, 'AAAA', 'NAVER'),
       (1401, 'AAAA', 'KAKAO'),
       (1825, 'AAAA', 'GITHUB'),
       (1178, 'AAAA', 'FACEBOOK'),
       (1002, 'AAAA', 'KAKAO'),
       (1801, 'AAAA', 'FACEBOOK'),
       (1391, 'AAAA', 'KAKAO'),
       (1361, 'AAAA', 'NAVER'),
       (1303, 'AAAA', 'FACEBOOK'),
       (1437, 'AAAA', 'GOOGLE'),
       (1440, 'AAAA', 'NAVER'),
       (1617, 'AAAA', 'GOOGLE'),
       (1506, 'AAAA', 'KAKAO'),
       (1428, 'AAAA', 'GOOGLE'),
       (1798, 'AAAA', 'KAKAO'),
       (1275, 'AAAA', 'GITHUB'),
       (1480, 'AAAA', 'NAVER'),
       (1317, 'AAAA', 'KAKAO'),
       (1319, 'AAAA', 'NAVER'),
       (1249, 'AAAA', 'KAKAO'),
       (1357, 'AAAA', 'FACEBOOK'),
       (1810, 'AAAA', 'NAVER'),
       (1066, 'AAAA', 'GOOGLE'),
       (1196, 'AAAA', 'GITHUB'),
       (1759, 'AAAA', 'FACEBOOK'),
       (1739, 'AAAA', 'GITHUB'),
       (1744, 'AAAA', 'KAKAO'),
       (1966, 'AAAA', 'NAVER'),
       (1960, 'AAAA', 'FACEBOOK'),
       (1933, 'AAAA', 'KAKAO'),
       (1211, 'AAAA', 'GOOGLE'),
       (1881, 'AAAA', 'FACEBOOK'),
       (1436, 'AAAA', 'FACEBOOK'),
       (1420, 'AAAA', 'FACEBOOK'),
       (1873, 'AAAA', 'NAVER'),
       (1426, 'AAAA', 'GOOGLE'),
       (1283, 'AAAA', 'GOOGLE'),
       (1085, 'AAAA', 'GITHUB'),
       (1750, 'AAAA', 'FACEBOOK'),
       (1845, 'AAAA', 'GOOGLE'),
       (1855, 'AAAA', 'GOOGLE'),
       (1152, 'AAAA', 'KAKAO'),
       (1662, 'AAAA', 'GITHUB'),
       (1928, 'AAAA', 'GOOGLE'),
       (1291, 'AAAA', 'GITHUB'),
       (1449, 'AAAA', 'GITHUB'),
       (1647, 'AAAA', 'KAKAO'),
       (1335, 'AAAA', 'FACEBOOK'),
       (1236, 'AAAA', 'FACEBOOK'),
       (1330, 'AAAA', 'GOOGLE'),
       (1318, 'AAAA', 'GOOGLE'),
       (1745, 'AAAA', 'GOOGLE'),
       (1646, 'AAAA', 'KAKAO'),
       (1300, 'AAAA', 'KAKAO'),
       (1430, 'AAAA', 'KAKAO'),
       (1828, 'AAAA', 'NAVER'),
       (1025, 'AAAA', 'NAVER'),
       (1503, 'AAAA', 'NAVER'),
       (1770, 'AAAA', 'FACEBOOK'),
       (1957, 'AAAA', 'NAVER'),
       (1903, 'AAAA', 'GOOGLE'),
       (1410, 'AAAA', 'FACEBOOK'),
       (1583, 'AAAA', 'KAKAO'),
       (1815, 'AAAA', 'KAKAO'),
       (1916, 'AAAA', 'GITHUB'),
       (1706, 'AAAA', 'GOOGLE'),
       (1714, 'AAAA', 'FACEBOOK'),
       (1381, 'AAAA', 'GOOGLE'),
       (1719, 'AAAA', 'GOOGLE'),
       (1935, 'AAAA', 'FACEBOOK'),
       (1972, 'AAAA', 'GITHUB'),
       (1125, 'AAAA', 'NAVER'),
       (1222, 'AAAA', 'GOOGLE'),
       (1368, 'AAAA', 'GOOGLE'),
       (1599, 'AAAA', 'GOOGLE'),
       (1604, 'AAAA', 'NAVER'),
       (1008, 'AAAA', 'GOOGLE'),
       (1658, 'AAAA', 'KAKAO'),
       (1126, 'AAAA', 'FACEBOOK'),
       (1118, 'AAAA', 'FACEBOOK'),
       (1354, 'AAAA', 'KAKAO'),
       (1578, 'AAAA', 'NAVER'),
       (1294, 'AAAA', 'NAVER'),
       (1501, 'AAAA', 'KAKAO'),
       (1227, 'AAAA', 'KAKAO');

insert into user_profiles (user_id, user_name, profile)
values (1701, 'test_user_0', 'https://gravatar.com/avatar/dba6bae8c566f9d4041fb9cd9ada7741?d=identicon&f=y'),
       (1047, 'test_user_1', 'https://gravatar.com/avatar/dba6bae8c566f9d4041fb9cd9ada7741?d=identicon&f=y'),
       (1551, 'test_user_2', 'https://gravatar.com/avatar/dba6bae8c566f9d4041fb9cd9ada7741?d=identicon&f=y'),
       (1954, 'test_user_3', 'https://gravatar.com/avatar/dba6bae8c566f9d4041fb9cd9ada7741?d=identicon&f=y'),
       (1372, 'test_user_4', 'https://gravatar.com/avatar/dba6bae8c566f9d4041fb9cd9ada7741?d=identicon&f=y'),
       (1613, 'test_user_5', 'https://gravatar.com/avatar/dba6bae8c566f9d4041fb9cd9ada7741?d=identicon&f=y'),
       (1970, 'test_user_6', 'https://gravatar.com/avatar/dba6bae8c566f9d4041fb9cd9ada7741?d=identicon&f=y'),
       (1895, 'test_user_7', 'https://gravatar.com/avatar/dba6bae8c566f9d4041fb9cd9ada7741?d=identicon&f=y'),
       (1046, 'test_user_8', 'https://gravatar.com/avatar/dba6bae8c566f9d4041fb9cd9ada7741?d=identicon&f=y'),
       (1157, 'test_user_9', 'https://gravatar.com/avatar/dba6bae8c566f9d4041fb9cd9ada7741?d=identicon&f=y'),
       (1224, 'test_user_10', 'https://gravatar.com/avatar/dba6bae8c566f9d4041fb9cd9ada7741?d=identicon&f=y'),
       (1194, 'test_user_11', 'https://gravatar.com/avatar/dba6bae8c566f9d4041fb9cd9ada7741?d=identicon&f=y'),
       (1885, 'test_user_12', 'https://gravatar.com/avatar/dba6bae8c566f9d4041fb9cd9ada7741?d=identicon&f=y'),
       (1747, 'test_user_13', 'https://gravatar.com/avatar/dba6bae8c566f9d4041fb9cd9ada7741?d=identicon&f=y'),
       (1393, 'test_user_14', 'https://gravatar.com/avatar/dba6bae8c566f9d4041fb9cd9ada7741?d=identicon&f=y'),
       (1543, 'test_user_15', 'https://gravatar.com/avatar/dba6bae8c566f9d4041fb9cd9ada7741?d=identicon&f=y'),
       (1401, 'test_user_16', 'https://gravatar.com/avatar/dba6bae8c566f9d4041fb9cd9ada7741?d=identicon&f=y'),
       (1825, 'test_user_17', 'https://gravatar.com/avatar/dba6bae8c566f9d4041fb9cd9ada7741?d=identicon&f=y'),
       (1178, 'test_user_18', 'https://gravatar.com/avatar/dba6bae8c566f9d4041fb9cd9ada7741?d=identicon&f=y'),
       (1002, 'test_user_19', 'https://gravatar.com/avatar/dba6bae8c566f9d4041fb9cd9ada7741?d=identicon&f=y'),
       (1801, 'test_user_20', 'https://gravatar.com/avatar/dba6bae8c566f9d4041fb9cd9ada7741?d=identicon&f=y'),
       (1391, 'test_user_21', 'https://gravatar.com/avatar/dba6bae8c566f9d4041fb9cd9ada7741?d=identicon&f=y'),
       (1361, 'test_user_22', 'https://gravatar.com/avatar/dba6bae8c566f9d4041fb9cd9ada7741?d=identicon&f=y'),
       (1303, 'test_user_23', 'https://gravatar.com/avatar/dba6bae8c566f9d4041fb9cd9ada7741?d=identicon&f=y'),
       (1437, 'test_user_24', 'https://gravatar.com/avatar/dba6bae8c566f9d4041fb9cd9ada7741?d=identicon&f=y'),
       (1440, 'test_user_25', 'https://gravatar.com/avatar/dba6bae8c566f9d4041fb9cd9ada7741?d=identicon&f=y'),
       (1617, 'test_user_26', 'https://gravatar.com/avatar/dba6bae8c566f9d4041fb9cd9ada7741?d=identicon&f=y'),
       (1506, 'test_user_27', 'https://gravatar.com/avatar/dba6bae8c566f9d4041fb9cd9ada7741?d=identicon&f=y'),
       (1428, 'test_user_28', 'https://gravatar.com/avatar/dba6bae8c566f9d4041fb9cd9ada7741?d=identicon&f=y'),
       (1798, 'test_user_29', 'https://gravatar.com/avatar/dba6bae8c566f9d4041fb9cd9ada7741?d=identicon&f=y'),
       (1275, 'test_user_30', 'https://gravatar.com/avatar/dba6bae8c566f9d4041fb9cd9ada7741?d=identicon&f=y'),
       (1480, 'test_user_31', 'https://gravatar.com/avatar/dba6bae8c566f9d4041fb9cd9ada7741?d=identicon&f=y'),
       (1317, 'test_user_32', 'https://gravatar.com/avatar/dba6bae8c566f9d4041fb9cd9ada7741?d=identicon&f=y'),
       (1319, 'test_user_33', 'https://gravatar.com/avatar/dba6bae8c566f9d4041fb9cd9ada7741?d=identicon&f=y'),
       (1249, 'test_user_34', 'https://gravatar.com/avatar/dba6bae8c566f9d4041fb9cd9ada7741?d=identicon&f=y'),
       (1357, 'test_user_35', 'https://gravatar.com/avatar/dba6bae8c566f9d4041fb9cd9ada7741?d=identicon&f=y'),
       (1810, 'test_user_36', 'https://gravatar.com/avatar/dba6bae8c566f9d4041fb9cd9ada7741?d=identicon&f=y'),
       (1066, 'test_user_37', 'https://gravatar.com/avatar/dba6bae8c566f9d4041fb9cd9ada7741?d=identicon&f=y'),
       (1196, 'test_user_38', 'https://gravatar.com/avatar/dba6bae8c566f9d4041fb9cd9ada7741?d=identicon&f=y'),
       (1759, 'test_user_39', 'https://gravatar.com/avatar/dba6bae8c566f9d4041fb9cd9ada7741?d=identicon&f=y'),
       (1739, 'test_user_40', 'https://gravatar.com/avatar/dba6bae8c566f9d4041fb9cd9ada7741?d=identicon&f=y'),
       (1744, 'test_user_41', 'https://gravatar.com/avatar/dba6bae8c566f9d4041fb9cd9ada7741?d=identicon&f=y'),
       (1966, 'test_user_42', 'https://gravatar.com/avatar/dba6bae8c566f9d4041fb9cd9ada7741?d=identicon&f=y'),
       (1960, 'test_user_43', 'https://gravatar.com/avatar/dba6bae8c566f9d4041fb9cd9ada7741?d=identicon&f=y'),
       (1933, 'test_user_44', 'https://gravatar.com/avatar/dba6bae8c566f9d4041fb9cd9ada7741?d=identicon&f=y'),
       (1211, 'test_user_45', 'https://gravatar.com/avatar/dba6bae8c566f9d4041fb9cd9ada7741?d=identicon&f=y'),
       (1881, 'test_user_46', 'https://gravatar.com/avatar/dba6bae8c566f9d4041fb9cd9ada7741?d=identicon&f=y'),
       (1436, 'test_user_47', 'https://gravatar.com/avatar/dba6bae8c566f9d4041fb9cd9ada7741?d=identicon&f=y'),
       (1420, 'test_user_48', 'https://gravatar.com/avatar/dba6bae8c566f9d4041fb9cd9ada7741?d=identicon&f=y'),
       (1873, 'test_user_49', 'https://gravatar.com/avatar/dba6bae8c566f9d4041fb9cd9ada7741?d=identicon&f=y'),
       (1426, 'test_user_50', 'https://gravatar.com/avatar/dba6bae8c566f9d4041fb9cd9ada7741?d=identicon&f=y'),
       (1283, 'test_user_51', 'https://gravatar.com/avatar/dba6bae8c566f9d4041fb9cd9ada7741?d=identicon&f=y'),
       (1085, 'test_user_52', 'https://gravatar.com/avatar/dba6bae8c566f9d4041fb9cd9ada7741?d=identicon&f=y'),
       (1750, 'test_user_53', 'https://gravatar.com/avatar/dba6bae8c566f9d4041fb9cd9ada7741?d=identicon&f=y'),
       (1845, 'test_user_54', 'https://gravatar.com/avatar/dba6bae8c566f9d4041fb9cd9ada7741?d=identicon&f=y'),
       (1855, 'test_user_55', 'https://gravatar.com/avatar/dba6bae8c566f9d4041fb9cd9ada7741?d=identicon&f=y'),
       (1152, 'test_user_56', 'https://gravatar.com/avatar/dba6bae8c566f9d4041fb9cd9ada7741?d=identicon&f=y'),
       (1662, 'test_user_57', 'https://gravatar.com/avatar/dba6bae8c566f9d4041fb9cd9ada7741?d=identicon&f=y'),
       (1928, 'test_user_58', 'https://gravatar.com/avatar/dba6bae8c566f9d4041fb9cd9ada7741?d=identicon&f=y'),
       (1291, 'test_user_59', 'https://gravatar.com/avatar/dba6bae8c566f9d4041fb9cd9ada7741?d=identicon&f=y'),
       (1449, 'test_user_60', 'https://gravatar.com/avatar/dba6bae8c566f9d4041fb9cd9ada7741?d=identicon&f=y'),
       (1647, 'test_user_61', 'https://gravatar.com/avatar/dba6bae8c566f9d4041fb9cd9ada7741?d=identicon&f=y'),
       (1335, 'test_user_62', 'https://gravatar.com/avatar/dba6bae8c566f9d4041fb9cd9ada7741?d=identicon&f=y'),
       (1236, 'test_user_63', 'https://gravatar.com/avatar/dba6bae8c566f9d4041fb9cd9ada7741?d=identicon&f=y'),
       (1330, 'test_user_64', 'https://gravatar.com/avatar/dba6bae8c566f9d4041fb9cd9ada7741?d=identicon&f=y'),
       (1318, 'test_user_65', 'https://gravatar.com/avatar/dba6bae8c566f9d4041fb9cd9ada7741?d=identicon&f=y'),
       (1745, 'test_user_66', 'https://gravatar.com/avatar/dba6bae8c566f9d4041fb9cd9ada7741?d=identicon&f=y'),
       (1646, 'test_user_67', 'https://gravatar.com/avatar/dba6bae8c566f9d4041fb9cd9ada7741?d=identicon&f=y'),
       (1300, 'test_user_68', 'https://gravatar.com/avatar/dba6bae8c566f9d4041fb9cd9ada7741?d=identicon&f=y'),
       (1430, 'test_user_69', 'https://gravatar.com/avatar/dba6bae8c566f9d4041fb9cd9ada7741?d=identicon&f=y'),
       (1828, 'test_user_70', 'https://gravatar.com/avatar/dba6bae8c566f9d4041fb9cd9ada7741?d=identicon&f=y'),
       (1025, 'test_user_71', 'https://gravatar.com/avatar/dba6bae8c566f9d4041fb9cd9ada7741?d=identicon&f=y'),
       (1503, 'test_user_72', 'https://gravatar.com/avatar/dba6bae8c566f9d4041fb9cd9ada7741?d=identicon&f=y'),
       (1770, 'test_user_73', 'https://gravatar.com/avatar/dba6bae8c566f9d4041fb9cd9ada7741?d=identicon&f=y'),
       (1957, 'test_user_74', 'https://gravatar.com/avatar/dba6bae8c566f9d4041fb9cd9ada7741?d=identicon&f=y'),
       (1903, 'test_user_75', 'https://gravatar.com/avatar/dba6bae8c566f9d4041fb9cd9ada7741?d=identicon&f=y'),
       (1410, 'test_user_76', 'https://gravatar.com/avatar/dba6bae8c566f9d4041fb9cd9ada7741?d=identicon&f=y'),
       (1583, 'test_user_77', 'https://gravatar.com/avatar/dba6bae8c566f9d4041fb9cd9ada7741?d=identicon&f=y'),
       (1815, 'test_user_78', 'https://gravatar.com/avatar/dba6bae8c566f9d4041fb9cd9ada7741?d=identicon&f=y'),
       (1916, 'test_user_79', 'https://gravatar.com/avatar/dba6bae8c566f9d4041fb9cd9ada7741?d=identicon&f=y'),
       (1706, 'test_user_80', 'https://gravatar.com/avatar/dba6bae8c566f9d4041fb9cd9ada7741?d=identicon&f=y'),
       (1714, 'test_user_81', 'https://gravatar.com/avatar/dba6bae8c566f9d4041fb9cd9ada7741?d=identicon&f=y'),
       (1381, 'test_user_82', 'https://gravatar.com/avatar/dba6bae8c566f9d4041fb9cd9ada7741?d=identicon&f=y'),
       (1719, 'test_user_83', 'https://gravatar.com/avatar/dba6bae8c566f9d4041fb9cd9ada7741?d=identicon&f=y'),
       (1935, 'test_user_84', 'https://gravatar.com/avatar/dba6bae8c566f9d4041fb9cd9ada7741?d=identicon&f=y'),
       (1972, 'test_user_85', 'https://gravatar.com/avatar/dba6bae8c566f9d4041fb9cd9ada7741?d=identicon&f=y'),
       (1125, 'test_user_86', 'https://gravatar.com/avatar/dba6bae8c566f9d4041fb9cd9ada7741?d=identicon&f=y'),
       (1222, 'test_user_87', 'https://gravatar.com/avatar/dba6bae8c566f9d4041fb9cd9ada7741?d=identicon&f=y'),
       (1368, 'test_user_88', 'https://gravatar.com/avatar/dba6bae8c566f9d4041fb9cd9ada7741?d=identicon&f=y'),
       (1599, 'test_user_89', 'https://gravatar.com/avatar/dba6bae8c566f9d4041fb9cd9ada7741?d=identicon&f=y'),
       (1604, 'test_user_90', 'https://gravatar.com/avatar/dba6bae8c566f9d4041fb9cd9ada7741?d=identicon&f=y'),
       (1008, 'test_user_91', 'https://gravatar.com/avatar/dba6bae8c566f9d4041fb9cd9ada7741?d=identicon&f=y'),
       (1658, 'test_user_92', 'https://gravatar.com/avatar/dba6bae8c566f9d4041fb9cd9ada7741?d=identicon&f=y'),
       (1126, 'test_user_93', 'https://gravatar.com/avatar/dba6bae8c566f9d4041fb9cd9ada7741?d=identicon&f=y'),
       (1118, 'test_user_94', 'https://gravatar.com/avatar/dba6bae8c566f9d4041fb9cd9ada7741?d=identicon&f=y'),
       (1354, 'test_user_95', 'https://gravatar.com/avatar/dba6bae8c566f9d4041fb9cd9ada7741?d=identicon&f=y'),
       (1578, 'test_user_96', 'https://gravatar.com/avatar/dba6bae8c566f9d4041fb9cd9ada7741?d=identicon&f=y'),
       (1294, 'test_user_97', 'https://gravatar.com/avatar/dba6bae8c566f9d4041fb9cd9ada7741?d=identicon&f=y'),
       (1501, 'test_user_98', 'https://gravatar.com/avatar/dba6bae8c566f9d4041fb9cd9ada7741?d=identicon&f=y'),
       (1227, 'test_user_99', 'https://gravatar.com/avatar/dba6bae8c566f9d4041fb9cd9ada7741?d=identicon&f=y');