insert into records (user_id, bp, sq, dl, cert_count)
values (1579, 70.551, 178.281, 109.041, 5),
       (1785, 136.881, 162.021, 177.761, 14),
       (1069, 267.011, 281.511, 13.781, 8),
       (1457, 139.081, 102.321, 223.191, 8),
       (1868, 103.221, 104.071, 129.111, 1),
       (1183, 190.631, 71.941, 258.221, 8),
       (1271, 134.671, 256.171, 190.391, 6),
       (1223, 246.661, 77.681, 104.831, 5),
       (1628, 128.281, 31.351, 219.691, 11),
       (1054, 74.661, 139.741, 163.551, 7),
       (1067, 33.461, 39.701, 120.141, 0),
       (1510, 183.471, 274.001, 14.931, 3),
       (1021, 142.201, 256.861, 173.381, 8),
       (1786, 89.301, 186.841, 251.961, 10),
       (1121, 138.821, 64.221, 272.751, 9),
       (1201, 31.101, 43.961, 106.361, 7),
       (1197, 275.891, 211.181, 7.121, 5),
       (1876, 58.691, 216.201, 139.511, 13),
       (1917, 177.201, 71.761, 96.411, 5),
       (1322, 247.641, 124.171, 233.611, 11),
       (1073, 12.741, 22.711, 189.121, 2),
       (1256, 249.631, 120.031, 186.591, 11),
       (1889, 264.511, 192.211, 29.581, 8),
       (1194, 277.951, 100.811, 71.831, 10),
       (1409, 95.831, 259.771, 198.201, 9),
       (1813, 192.251, 212.331, 138.821, 5),
       (1952, 46.571, 8.941, 274.991, 3),
       (1528, 159.491, 48.251, 113.461, 6),
       (1699, 83.751, 92.641, 182.821, 3),
       (1591, 280.671, 118.871, 35.871, 12),
       (1712, 266.731, 233.111, 171.531, 0),
       (1790, 33.481, 3.621, 179.171, 13),
       (1961, 271.521, 225.991, 35.531, 3),
       (1936, 297.571, 117.431, 116.211, 8),
       (1324, 69.141, 216.561, 48.931, 1),
       (1784, 265.341, 29.101, 149.341, 5),
       (1580, 13.871, 86.641, 7.891, 10),
       (1748, 34.431, 65.371, 104.591, 5),
       (1838, 255.121, 210.761, 222.791, 4),
       (1804, 35.531, 288.271, 244.121, 13),
       (1425, 234.041, 110.341, 233.081, 1),
       (1209, 59.231, 112.041, 155.621, 5),
       (1866, 186.781, 148.881, 214.531, 11),
       (1646, 296.381, 214.021, 46.691, 14),
       (1865, 31.351, 228.351, 153.251, 0),
       (1989, 283.771, 260.891, 186.131, 2),
       (1349, 265.021, 109.821, 73.491, 1),
       (1993, 115.731, 244.861, 286.921, 5),
       (1009, 6.181, 246.911, 294.801, 9),
       (1583, 58.641, 287.151, 78.141, 1),
       (1818, 267.791, 7.491, 193.881, 2),
       (1725, 249.351, 56.241, 10.551, 9),
       (1179, 184.001, 196.911, 88.791, 6),
       (1228, 226.601, 286.751, 110.771, 1),
       (1988, 292.011, 10.581, 139.841, 2),
       (1357, 38.191, 47.811, 198.261, 2),
       (1150, 161.111, 211.721, 149.631, 4),
       (1841, 2.651, 228.421, 81.821, 10),
       (1134, 233.821, 93.951, 130.071, 13),
       (1565, 171.541, 170.061, 74.821, 13),
       (1143, 69.951, 229.091, 220.141, 0),
       (1944, 202.591, 194.051, 30.871, 5),
       (1453, 233.481, 230.031, 74.131, 7),
       (1920, 82.791, 76.171, 125.291, 11),
       (1692, 153.381, 151.081, 101.821, 4),
       (1232, 16.211, 187.701, 147.491, 4),
       (1250, 225.131, 138.121, 175.161, 2),
       (1225, 207.091, 50.321, 217.141, 3),
       (1666, 189.871, 54.261, 270.351, 11),
       (1808, 185.881, 216.911, 32.271, 4),
       (1756, 76.441, 260.771, 263.971, 3),
       (1717, 242.601, 197.101, 54.651, 4),
       (1745, 53.411, 178.351, 296.351, 6),
       (1862, 21.241, 109.101, 32.341, 5),
       (1893, 100.641, 136.221, 257.771, 10),
       (1631, 131.021, 45.191, 194.391, 9),
       (1182, 168.811, 106.281, 58.351, 9),
       (1493, 129.841, 252.351, 44.451, 14),
       (1815, 165.701, 224.001, 294.241, 2),
       (1206, 54.571, 264.811, 117.211, 8),
       (1602, 187.671, 227.971, 218.561, 1),
       (1234, 85.261, 7.101, 151.491, 13),
       (1042, 275.381, 80.551, 121.591, 14),
       (1313, 215.431, 87.691, 261.621, 14),
       (1097, 97.841, 176.151, 141.961, 4),
       (1391, 216.421, 60.021, 280.001, 10),
       (1378, 29.571, 277.921, 27.131, 6),
       (1942, 64.041, 155.401, 149.251, 2),
       (1476, 238.971, 293.171, 162.091, 0),
       (1519, 265.651, 1.231, 60.891, 8),
       (1576, 53.241, 288.901, 260.201, 3),
       (1778, 231.831, 11.011, 223.341, 7),
       (1135, 249.151, 251.091, 232.501, 9),
       (1142, 12.671, 45.381, 117.911, 12),
       (1982, 235.971, 224.611, 81.531, 0),
       (1721, 142.001, 277.301, 164.611, 5),
       (1617, 277.461, 296.941, 226.231, 11),
       (1610, 91.171, 16.661, 73.271, 7),
       (1177, 290.921, 60.041, 286.781, 13),
       (1415, 108.301, 126.181, 58.861, 6);

insert into users (id, email, oauth_key, oauth_service)
values (1847, 'user_1847@facebook.com', 'AAAA', 'FACEBOOK'),
       (1062, 'user_1062@naver.com', 'AAAA', 'NAVER'),
       (1039, 'user_1039@google.com', 'AAAA', 'GOOGLE'),
       (1932, 'user_1932@kakao.com', 'AAAA', 'KAKAO'),
       (1796, 'user_1796@facebook.com', 'AAAA', 'FACEBOOK'),
       (1627, 'user_1627@naver.com', 'AAAA', 'NAVER'),
       (1313, 'user_1313@google.com', 'AAAA', 'GOOGLE'),
       (1981, 'user_1981@naver.com', 'AAAA', 'NAVER'),
       (1837, 'user_1837@github.com', 'AAAA', 'GITHUB'),
       (1284, 'user_1284@github.com', 'AAAA', 'GITHUB'),
       (1185, 'user_1185@kakao.com', 'AAAA', 'KAKAO'),
       (1488, 'user_1488@naver.com', 'AAAA', 'NAVER'),
       (1034, 'user_1034@naver.com', 'AAAA', 'NAVER'),
       (1507, 'user_1507@facebook.com', 'AAAA', 'FACEBOOK'),
       (1448, 'user_1448@facebook.com', 'AAAA', 'FACEBOOK'),
       (1927, 'user_1927@facebook.com', 'AAAA', 'FACEBOOK'),
       (1961, 'user_1961@facebook.com', 'AAAA', 'FACEBOOK'),
       (1142, 'user_1142@kakao.com', 'AAAA', 'KAKAO'),
       (1525, 'user_1525@facebook.com', 'AAAA', 'FACEBOOK'),
       (1946, 'user_1946@google.com', 'AAAA', 'GOOGLE'),
       (1856, 'user_1856@facebook.com', 'AAAA', 'FACEBOOK'),
       (1339, 'user_1339@naver.com', 'AAAA', 'NAVER'),
       (1581, 'user_1581@google.com', 'AAAA', 'GOOGLE'),
       (1598, 'user_1598@facebook.com', 'AAAA', 'FACEBOOK'),
       (1014, 'user_1014@naver.com', 'AAAA', 'NAVER'),
       (1701, 'user_1701@github.com', 'AAAA', 'GITHUB'),
       (1379, 'user_1379@google.com', 'AAAA', 'GOOGLE'),
       (1424, 'user_1424@google.com', 'AAAA', 'GOOGLE'),
       (1184, 'user_1184@google.com', 'AAAA', 'GOOGLE'),
       (1890, 'user_1890@naver.com', 'AAAA', 'NAVER'),
       (1343, 'user_1343@facebook.com', 'AAAA', 'FACEBOOK'),
       (1025, 'user_1025@github.com', 'AAAA', 'GITHUB'),
       (1945, 'user_1945@google.com', 'AAAA', 'GOOGLE'),
       (1913, 'user_1913@google.com', 'AAAA', 'GOOGLE'),
       (1994, 'user_1994@kakao.com', 'AAAA', 'KAKAO'),
       (1869, 'user_1869@google.com', 'AAAA', 'GOOGLE'),
       (1659, 'user_1659@google.com', 'AAAA', 'GOOGLE'),
       (1407, 'user_1407@facebook.com', 'AAAA', 'FACEBOOK'),
       (1904, 'user_1904@naver.com', 'AAAA', 'NAVER'),
       (1841, 'user_1841@google.com', 'AAAA', 'GOOGLE'),
       (1389, 'user_1389@naver.com', 'AAAA', 'NAVER'),
       (1320, 'user_1320@github.com', 'AAAA', 'GITHUB'),
       (1384, 'user_1384@kakao.com', 'AAAA', 'KAKAO'),
       (1999, 'user_1999@kakao.com', 'AAAA', 'KAKAO'),
       (1565, 'user_1565@facebook.com', 'AAAA', 'FACEBOOK'),
       (1639, 'user_1639@kakao.com', 'AAAA', 'KAKAO'),
       (1273, 'user_1273@naver.com', 'AAAA', 'NAVER'),
       (1781, 'user_1781@google.com', 'AAAA', 'GOOGLE'),
       (1306, 'user_1306@google.com', 'AAAA', 'GOOGLE'),
       (1954, 'user_1954@kakao.com', 'AAAA', 'KAKAO'),
       (1076, 'user_1076@facebook.com', 'AAAA', 'FACEBOOK'),
       (1109, 'user_1109@facebook.com', 'AAAA', 'FACEBOOK'),
       (1698, 'user_1698@github.com', 'AAAA', 'GITHUB'),
       (1967, 'user_1967@google.com', 'AAAA', 'GOOGLE'),
       (1211, 'user_1211@google.com', 'AAAA', 'GOOGLE'),
       (1326, 'user_1326@kakao.com', 'AAAA', 'KAKAO'),
       (1227, 'user_1227@facebook.com', 'AAAA', 'FACEBOOK'),
       (1641, 'user_1641@naver.com', 'AAAA', 'NAVER'),
       (1208, 'user_1208@kakao.com', 'AAAA', 'KAKAO'),
       (1510, 'user_1510@facebook.com', 'AAAA', 'FACEBOOK'),
       (1444, 'user_1444@google.com', 'AAAA', 'GOOGLE'),
       (1462, 'user_1462@kakao.com', 'AAAA', 'KAKAO'),
       (1110, 'user_1110@google.com', 'AAAA', 'GOOGLE'),
       (1527, 'user_1527@facebook.com', 'AAAA', 'FACEBOOK'),
       (1169, 'user_1169@google.com', 'AAAA', 'GOOGLE'),
       (1732, 'user_1732@google.com', 'AAAA', 'GOOGLE'),
       (1351, 'user_1351@github.com', 'AAAA', 'GITHUB'),
       (1498, 'user_1498@github.com', 'AAAA', 'GITHUB'),
       (1773, 'user_1773@facebook.com', 'AAAA', 'FACEBOOK'),
       (1144, 'user_1144@github.com', 'AAAA', 'GITHUB'),
       (1101, 'user_1101@github.com', 'AAAA', 'GITHUB'),
       (1972, 'user_1972@naver.com', 'AAAA', 'NAVER'),
       (1162, 'user_1162@github.com', 'AAAA', 'GITHUB'),
       (1366, 'user_1366@google.com', 'AAAA', 'GOOGLE'),
       (1270, 'user_1270@kakao.com', 'AAAA', 'KAKAO'),
       (1714, 'user_1714@naver.com', 'AAAA', 'NAVER'),
       (1854, 'user_1854@naver.com', 'AAAA', 'NAVER'),
       (1618, 'user_1618@google.com', 'AAAA', 'GOOGLE'),
       (1103, 'user_1103@kakao.com', 'AAAA', 'KAKAO'),
       (1504, 'user_1504@naver.com', 'AAAA', 'NAVER'),
       (1653, 'user_1653@kakao.com', 'AAAA', 'KAKAO'),
       (1046, 'user_1046@naver.com', 'AAAA', 'NAVER'),
       (1386, 'user_1386@facebook.com', 'AAAA', 'FACEBOOK'),
       (1075, 'user_1075@kakao.com', 'AAAA', 'KAKAO'),
       (1269, 'user_1269@google.com', 'AAAA', 'GOOGLE'),
       (1761, 'user_1761@github.com', 'AAAA', 'GITHUB'),
       (1116, 'user_1116@github.com', 'AAAA', 'GITHUB'),
       (1747, 'user_1747@google.com', 'AAAA', 'GOOGLE'),
       (1633, 'user_1633@kakao.com', 'AAAA', 'KAKAO'),
       (1202, 'user_1202@kakao.com', 'AAAA', 'KAKAO'),
       (1494, 'user_1494@facebook.com', 'AAAA', 'FACEBOOK'),
       (1993, 'user_1993@google.com', 'AAAA', 'GOOGLE'),
       (1440, 'user_1440@naver.com', 'AAAA', 'NAVER'),
       (1171, 'user_1171@facebook.com', 'AAAA', 'FACEBOOK'),
       (1413, 'user_1413@facebook.com', 'AAAA', 'FACEBOOK'),
       (1546, 'user_1546@github.com', 'AAAA', 'GITHUB'),
       (1397, 'user_1397@kakao.com', 'AAAA', 'KAKAO'),
       (1335, 'user_1335@google.com', 'AAAA', 'GOOGLE'),
       (1978, 'user_1978@kakao.com', 'AAAA', 'KAKAO'),
       (1057, 'user_1057@facebook.com', 'AAAA', 'FACEBOOK');

insert into user_profiles (user_id, user_name, user_profile)
values (1847, 'test_user_0', 'https://gravatar.com/avatar/dba6bae8c566f9d4041fb9cd9ada7741?d=identicon&f=y'),
       (1062, 'test_user_1', 'https://gravatar.com/avatar/dba6bae8c566f9d4041fb9cd9ada7741?d=identicon&f=y'),
       (1039, 'test_user_2', 'https://gravatar.com/avatar/dba6bae8c566f9d4041fb9cd9ada7741?d=identicon&f=y'),
       (1932, 'test_user_3', 'https://gravatar.com/avatar/dba6bae8c566f9d4041fb9cd9ada7741?d=identicon&f=y'),
       (1796, 'test_user_4', 'https://gravatar.com/avatar/dba6bae8c566f9d4041fb9cd9ada7741?d=identicon&f=y'),
       (1627, 'test_user_5', 'https://gravatar.com/avatar/dba6bae8c566f9d4041fb9cd9ada7741?d=identicon&f=y'),
       (1313, 'test_user_6', 'https://gravatar.com/avatar/dba6bae8c566f9d4041fb9cd9ada7741?d=identicon&f=y'),
       (1981, 'test_user_7', 'https://gravatar.com/avatar/dba6bae8c566f9d4041fb9cd9ada7741?d=identicon&f=y'),
       (1837, 'test_user_8', 'https://gravatar.com/avatar/dba6bae8c566f9d4041fb9cd9ada7741?d=identicon&f=y'),
       (1284, 'test_user_9', 'https://gravatar.com/avatar/dba6bae8c566f9d4041fb9cd9ada7741?d=identicon&f=y'),
       (1185, 'test_user_10', 'https://gravatar.com/avatar/dba6bae8c566f9d4041fb9cd9ada7741?d=identicon&f=y'),
       (1488, 'test_user_11', 'https://gravatar.com/avatar/dba6bae8c566f9d4041fb9cd9ada7741?d=identicon&f=y'),
       (1034, 'test_user_12', 'https://gravatar.com/avatar/dba6bae8c566f9d4041fb9cd9ada7741?d=identicon&f=y'),
       (1507, 'test_user_13', 'https://gravatar.com/avatar/dba6bae8c566f9d4041fb9cd9ada7741?d=identicon&f=y'),
       (1448, 'test_user_14', 'https://gravatar.com/avatar/dba6bae8c566f9d4041fb9cd9ada7741?d=identicon&f=y'),
       (1927, 'test_user_15', 'https://gravatar.com/avatar/dba6bae8c566f9d4041fb9cd9ada7741?d=identicon&f=y'),
       (1961, 'test_user_16', 'https://gravatar.com/avatar/dba6bae8c566f9d4041fb9cd9ada7741?d=identicon&f=y'),
       (1142, 'test_user_17', 'https://gravatar.com/avatar/dba6bae8c566f9d4041fb9cd9ada7741?d=identicon&f=y'),
       (1525, 'test_user_18', 'https://gravatar.com/avatar/dba6bae8c566f9d4041fb9cd9ada7741?d=identicon&f=y'),
       (1946, 'test_user_19', 'https://gravatar.com/avatar/dba6bae8c566f9d4041fb9cd9ada7741?d=identicon&f=y'),
       (1856, 'test_user_20', 'https://gravatar.com/avatar/dba6bae8c566f9d4041fb9cd9ada7741?d=identicon&f=y'),
       (1339, 'test_user_21', 'https://gravatar.com/avatar/dba6bae8c566f9d4041fb9cd9ada7741?d=identicon&f=y'),
       (1581, 'test_user_22', 'https://gravatar.com/avatar/dba6bae8c566f9d4041fb9cd9ada7741?d=identicon&f=y'),
       (1598, 'test_user_23', 'https://gravatar.com/avatar/dba6bae8c566f9d4041fb9cd9ada7741?d=identicon&f=y'),
       (1014, 'test_user_24', 'https://gravatar.com/avatar/dba6bae8c566f9d4041fb9cd9ada7741?d=identicon&f=y'),
       (1701, 'test_user_25', 'https://gravatar.com/avatar/dba6bae8c566f9d4041fb9cd9ada7741?d=identicon&f=y'),
       (1379, 'test_user_26', 'https://gravatar.com/avatar/dba6bae8c566f9d4041fb9cd9ada7741?d=identicon&f=y'),
       (1424, 'test_user_27', 'https://gravatar.com/avatar/dba6bae8c566f9d4041fb9cd9ada7741?d=identicon&f=y'),
       (1184, 'test_user_28', 'https://gravatar.com/avatar/dba6bae8c566f9d4041fb9cd9ada7741?d=identicon&f=y'),
       (1890, 'test_user_29', 'https://gravatar.com/avatar/dba6bae8c566f9d4041fb9cd9ada7741?d=identicon&f=y'),
       (1343, 'test_user_30', 'https://gravatar.com/avatar/dba6bae8c566f9d4041fb9cd9ada7741?d=identicon&f=y'),
       (1025, 'test_user_31', 'https://gravatar.com/avatar/dba6bae8c566f9d4041fb9cd9ada7741?d=identicon&f=y'),
       (1945, 'test_user_32', 'https://gravatar.com/avatar/dba6bae8c566f9d4041fb9cd9ada7741?d=identicon&f=y'),
       (1913, 'test_user_33', 'https://gravatar.com/avatar/dba6bae8c566f9d4041fb9cd9ada7741?d=identicon&f=y'),
       (1994, 'test_user_34', 'https://gravatar.com/avatar/dba6bae8c566f9d4041fb9cd9ada7741?d=identicon&f=y'),
       (1869, 'test_user_35', 'https://gravatar.com/avatar/dba6bae8c566f9d4041fb9cd9ada7741?d=identicon&f=y'),
       (1659, 'test_user_36', 'https://gravatar.com/avatar/dba6bae8c566f9d4041fb9cd9ada7741?d=identicon&f=y'),
       (1407, 'test_user_37', 'https://gravatar.com/avatar/dba6bae8c566f9d4041fb9cd9ada7741?d=identicon&f=y'),
       (1904, 'test_user_38', 'https://gravatar.com/avatar/dba6bae8c566f9d4041fb9cd9ada7741?d=identicon&f=y'),
       (1841, 'test_user_39', 'https://gravatar.com/avatar/dba6bae8c566f9d4041fb9cd9ada7741?d=identicon&f=y'),
       (1389, 'test_user_40', 'https://gravatar.com/avatar/dba6bae8c566f9d4041fb9cd9ada7741?d=identicon&f=y'),
       (1320, 'test_user_41', 'https://gravatar.com/avatar/dba6bae8c566f9d4041fb9cd9ada7741?d=identicon&f=y'),
       (1384, 'test_user_42', 'https://gravatar.com/avatar/dba6bae8c566f9d4041fb9cd9ada7741?d=identicon&f=y'),
       (1999, 'test_user_43', 'https://gravatar.com/avatar/dba6bae8c566f9d4041fb9cd9ada7741?d=identicon&f=y'),
       (1565, 'test_user_44', 'https://gravatar.com/avatar/dba6bae8c566f9d4041fb9cd9ada7741?d=identicon&f=y'),
       (1639, 'test_user_45', 'https://gravatar.com/avatar/dba6bae8c566f9d4041fb9cd9ada7741?d=identicon&f=y'),
       (1273, 'test_user_46', 'https://gravatar.com/avatar/dba6bae8c566f9d4041fb9cd9ada7741?d=identicon&f=y'),
       (1781, 'test_user_47', 'https://gravatar.com/avatar/dba6bae8c566f9d4041fb9cd9ada7741?d=identicon&f=y'),
       (1306, 'test_user_48', 'https://gravatar.com/avatar/dba6bae8c566f9d4041fb9cd9ada7741?d=identicon&f=y'),
       (1954, 'test_user_49', 'https://gravatar.com/avatar/dba6bae8c566f9d4041fb9cd9ada7741?d=identicon&f=y'),
       (1076, 'test_user_50', 'https://gravatar.com/avatar/dba6bae8c566f9d4041fb9cd9ada7741?d=identicon&f=y'),
       (1109, 'test_user_51', 'https://gravatar.com/avatar/dba6bae8c566f9d4041fb9cd9ada7741?d=identicon&f=y'),
       (1698, 'test_user_52', 'https://gravatar.com/avatar/dba6bae8c566f9d4041fb9cd9ada7741?d=identicon&f=y'),
       (1967, 'test_user_53', 'https://gravatar.com/avatar/dba6bae8c566f9d4041fb9cd9ada7741?d=identicon&f=y'),
       (1211, 'test_user_54', 'https://gravatar.com/avatar/dba6bae8c566f9d4041fb9cd9ada7741?d=identicon&f=y'),
       (1326, 'test_user_55', 'https://gravatar.com/avatar/dba6bae8c566f9d4041fb9cd9ada7741?d=identicon&f=y'),
       (1227, 'test_user_56', 'https://gravatar.com/avatar/dba6bae8c566f9d4041fb9cd9ada7741?d=identicon&f=y'),
       (1641, 'test_user_57', 'https://gravatar.com/avatar/dba6bae8c566f9d4041fb9cd9ada7741?d=identicon&f=y'),
       (1208, 'test_user_58', 'https://gravatar.com/avatar/dba6bae8c566f9d4041fb9cd9ada7741?d=identicon&f=y'),
       (1510, 'test_user_59', 'https://gravatar.com/avatar/dba6bae8c566f9d4041fb9cd9ada7741?d=identicon&f=y'),
       (1444, 'test_user_60', 'https://gravatar.com/avatar/dba6bae8c566f9d4041fb9cd9ada7741?d=identicon&f=y'),
       (1462, 'test_user_61', 'https://gravatar.com/avatar/dba6bae8c566f9d4041fb9cd9ada7741?d=identicon&f=y'),
       (1110, 'test_user_62', 'https://gravatar.com/avatar/dba6bae8c566f9d4041fb9cd9ada7741?d=identicon&f=y'),
       (1527, 'test_user_63', 'https://gravatar.com/avatar/dba6bae8c566f9d4041fb9cd9ada7741?d=identicon&f=y'),
       (1169, 'test_user_64', 'https://gravatar.com/avatar/dba6bae8c566f9d4041fb9cd9ada7741?d=identicon&f=y'),
       (1732, 'test_user_65', 'https://gravatar.com/avatar/dba6bae8c566f9d4041fb9cd9ada7741?d=identicon&f=y'),
       (1351, 'test_user_66', 'https://gravatar.com/avatar/dba6bae8c566f9d4041fb9cd9ada7741?d=identicon&f=y'),
       (1498, 'test_user_67', 'https://gravatar.com/avatar/dba6bae8c566f9d4041fb9cd9ada7741?d=identicon&f=y'),
       (1773, 'test_user_68', 'https://gravatar.com/avatar/dba6bae8c566f9d4041fb9cd9ada7741?d=identicon&f=y'),
       (1144, 'test_user_69', 'https://gravatar.com/avatar/dba6bae8c566f9d4041fb9cd9ada7741?d=identicon&f=y'),
       (1101, 'test_user_70', 'https://gravatar.com/avatar/dba6bae8c566f9d4041fb9cd9ada7741?d=identicon&f=y'),
       (1972, 'test_user_71', 'https://gravatar.com/avatar/dba6bae8c566f9d4041fb9cd9ada7741?d=identicon&f=y'),
       (1162, 'test_user_72', 'https://gravatar.com/avatar/dba6bae8c566f9d4041fb9cd9ada7741?d=identicon&f=y'),
       (1366, 'test_user_73', 'https://gravatar.com/avatar/dba6bae8c566f9d4041fb9cd9ada7741?d=identicon&f=y'),
       (1270, 'test_user_74', 'https://gravatar.com/avatar/dba6bae8c566f9d4041fb9cd9ada7741?d=identicon&f=y'),
       (1714, 'test_user_75', 'https://gravatar.com/avatar/dba6bae8c566f9d4041fb9cd9ada7741?d=identicon&f=y'),
       (1854, 'test_user_76', 'https://gravatar.com/avatar/dba6bae8c566f9d4041fb9cd9ada7741?d=identicon&f=y'),
       (1618, 'test_user_77', 'https://gravatar.com/avatar/dba6bae8c566f9d4041fb9cd9ada7741?d=identicon&f=y'),
       (1103, 'test_user_78', 'https://gravatar.com/avatar/dba6bae8c566f9d4041fb9cd9ada7741?d=identicon&f=y'),
       (1504, 'test_user_79', 'https://gravatar.com/avatar/dba6bae8c566f9d4041fb9cd9ada7741?d=identicon&f=y'),
       (1653, 'test_user_80', 'https://gravatar.com/avatar/dba6bae8c566f9d4041fb9cd9ada7741?d=identicon&f=y'),
       (1046, 'test_user_81', 'https://gravatar.com/avatar/dba6bae8c566f9d4041fb9cd9ada7741?d=identicon&f=y'),
       (1386, 'test_user_82', 'https://gravatar.com/avatar/dba6bae8c566f9d4041fb9cd9ada7741?d=identicon&f=y'),
       (1075, 'test_user_83', 'https://gravatar.com/avatar/dba6bae8c566f9d4041fb9cd9ada7741?d=identicon&f=y'),
       (1269, 'test_user_84', 'https://gravatar.com/avatar/dba6bae8c566f9d4041fb9cd9ada7741?d=identicon&f=y'),
       (1761, 'test_user_85', 'https://gravatar.com/avatar/dba6bae8c566f9d4041fb9cd9ada7741?d=identicon&f=y'),
       (1116, 'test_user_86', 'https://gravatar.com/avatar/dba6bae8c566f9d4041fb9cd9ada7741?d=identicon&f=y'),
       (1747, 'test_user_87', 'https://gravatar.com/avatar/dba6bae8c566f9d4041fb9cd9ada7741?d=identicon&f=y'),
       (1633, 'test_user_88', 'https://gravatar.com/avatar/dba6bae8c566f9d4041fb9cd9ada7741?d=identicon&f=y'),
       (1202, 'test_user_89', 'https://gravatar.com/avatar/dba6bae8c566f9d4041fb9cd9ada7741?d=identicon&f=y'),
       (1494, 'test_user_90', 'https://gravatar.com/avatar/dba6bae8c566f9d4041fb9cd9ada7741?d=identicon&f=y'),
       (1993, 'test_user_91', 'https://gravatar.com/avatar/dba6bae8c566f9d4041fb9cd9ada7741?d=identicon&f=y'),
       (1440, 'test_user_92', 'https://gravatar.com/avatar/dba6bae8c566f9d4041fb9cd9ada7741?d=identicon&f=y'),
       (1171, 'test_user_93', 'https://gravatar.com/avatar/dba6bae8c566f9d4041fb9cd9ada7741?d=identicon&f=y'),
       (1413, 'test_user_94', 'https://gravatar.com/avatar/dba6bae8c566f9d4041fb9cd9ada7741?d=identicon&f=y'),
       (1546, 'test_user_95', 'https://gravatar.com/avatar/dba6bae8c566f9d4041fb9cd9ada7741?d=identicon&f=y'),
       (1397, 'test_user_96', 'https://gravatar.com/avatar/dba6bae8c566f9d4041fb9cd9ada7741?d=identicon&f=y'),
       (1335, 'test_user_97', 'https://gravatar.com/avatar/dba6bae8c566f9d4041fb9cd9ada7741?d=identicon&f=y'),
       (1978, 'test_user_98', 'https://gravatar.com/avatar/dba6bae8c566f9d4041fb9cd9ada7741?d=identicon&f=y'),
       (1057, 'test_user_99', 'https://gravatar.com/avatar/dba6bae8c566f9d4041fb9cd9ada7741?d=identicon&f=y');
