insert into records (user_id, bp, sq, dl, cert_count)
values (1701, 41.541, 84.001, 108.671, 13),
       (1270, 212.331, 291.291, 200.061, 1),
       (1204, 129.701, 292.881, 18.911, 6),
       (1680, 6.521, 228.811, 224.741, 14),
       (1010, 34.171, 170.101, 98.211, 6),
       (1484, 74.641, 49.161, 204.231, 4),
       (1379, 179.381, 149.961, 11.101, 12),
       (1953, 34.301, 281.571, 173.751, 13),
       (1738, 124.791, 261.021, 108.721, 6),
       (1736, 185.491, 66.981, 264.281, 11),
       (1539, 260.751, 75.901, 116.471, 1),
       (1657, 248.561, 69.961, 130.141, 7),
       (1412, 60.081, 65.791, 165.931, 8),
       (1662, 205.991, 143.831, 34.761, 7),
       (1263, 161.751, 247.861, 138.111, 9),
       (1398, 252.991, 130.231, 108.441, 11),
       (1020, 103.741, 195.841, 175.681, 6),
       (1254, 273.591, 143.751, 111.741, 11),
       (1119, 45.921, 43.091, 106.581, 7),
       (1658, 26.801, 5.531, 41.801, 13),
       (1130, 95.511, 249.971, 64.451, 1),
       (1506, 82.491, 222.311, 67.231, 5),
       (1280, 263.901, 262.561, 63.861, 0),
       (1466, 88.911, 138.111, 141.261, 5),
       (1396, 148.951, 264.841, 113.621, 3),
       (1440, 279.371, 141.601, 221.761, 0),
       (1544, 22.221, 162.991, 129.071, 13),
       (1845, 264.681, 245.901, 249.171, 4),
       (1320, 290.471, 227.951, 262.971, 0),
       (1556, 88.251, 285.311, 271.671, 3),
       (1137, 233.921, 30.621, 292.441, 3),
       (1950, 266.501, 197.301, 0.661, 0),
       (1523, 228.551, 296.781, 231.741, 5),
       (1273, 219.961, 83.511, 229.791, 5),
       (1901, 214.451, 129.671, 141.671, 4),
       (1756, 221.651, 90.871, 94.651, 10),
       (1003, 117.881, 214.541, 127.831, 9),
       (1026, 64.901, 86.341, 279.671, 5),
       (1977, 94.731, 272.631, 83.191, 11),
       (1638, 231.271, 28.431, 289.341, 5),
       (1949, 193.261, 169.221, 198.431, 4),
       (1000, 200.441, 30.741, 139.711, 8),
       (1127, 9.811, 4.291, 143.581, 10),
       (1572, 160.771, 39.211, 88.881, 5),
       (1154, 140.821, 40.251, 170.601, 8),
       (1023, 230.191, 72.211, 27.411, 3),
       (1443, 234.491, 148.621, 182.531, 13),
       (1271, 233.481, 24.961, 80.521, 11),
       (1325, 76.461, 275.441, 52.511, 0),
       (1404, 226.301, 283.411, 170.051, 3),
       (1737, 21.761, 148.641, 48.041, 13),
       (1844, 167.661, 278.391, 124.001, 3),
       (1365, 224.611, 102.311, 291.401, 9),
       (1356, 223.341, 97.151, 128.091, 9),
       (1661, 138.231, 223.461, 157.971, 12),
       (1829, 150.691, 206.981, 55.671, 5),
       (1988, 101.831, 292.791, 254.161, 0),
       (1886, 61.591, 15.511, 120.651, 12),
       (1355, 56.761, 185.311, 196.141, 11),
       (1694, 198.301, 94.061, 206.231, 1),
       (1852, 294.311, 152.291, 219.281, 6),
       (1862, 34.841, 180.231, 62.801, 7),
       (1428, 28.021, 5.671, 138.081, 3),
       (1399, 235.291, 226.501, 293.141, 2),
       (1141, 82.961, 158.671, 181.931, 3),
       (1958, 272.351, 199.031, 170.001, 13),
       (1725, 204.941, 277.221, 29.731, 11),
       (1704, 245.711, 122.211, 145.331, 1),
       (1311, 107.661, 27.871, 228.921, 9),
       (1275, 205.091, 288.671, 277.861, 2),
       (1345, 139.281, 171.991, 186.181, 1),
       (1414, 74.651, 112.021, 186.261, 11),
       (1228, 211.581, 27.351, 167.211, 11),
       (1542, 117.011, 158.861, 27.821, 7),
       (1775, 72.701, 248.221, 260.381, 2),
       (1442, 286.181, 287.511, 134.941, 6),
       (1792, 128.181, 177.001, 39.701, 1),
       (1116, 109.261, 53.961, 279.651, 9),
       (1033, 247.691, 132.371, 176.251, 10),
       (1859, 31.571, 240.471, 23.111, 7),
       (1358, 196.041, 133.871, 85.861, 11),
       (1678, 284.731, 117.491, 61.851, 10),
       (1123, 25.911, 85.891, 209.871, 10),
       (1601, 65.981, 137.301, 290.991, 1),
       (1557, 188.741, 60.051, 164.881, 13),
       (1291, 184.571, 95.781, 4.781, 10),
       (1695, 25.831, 125.221, 107.411, 2),
       (1584, 261.421, 16.511, 286.161, 11),
       (1369, 74.211, 292.571, 207.861, 13),
       (1021, 202.631, 38.001, 233.261, 8),
       (1165, 85.271, 225.921, 213.821, 14),
       (1500, 125.131, 202.091, 237.451, 7),
       (1518, 46.021, 158.531, 60.951, 14),
       (1962, 13.541, 253.701, 159.081, 5),
       (1697, 34.541, 148.251, 143.041, 5),
       (1261, 225.861, 28.841, 18.921, 3),
       (1305, 45.691, 203.031, 178.121, 0),
       (1759, 113.061, 52.641, 67.541, 6),
       (1264, 117.471, 282.071, 97.811, 11),
       (1364, 16.601, 273.871, 227.711, 5);

insert into users (id, email, oauth_key, oauth_service)
values (1701, 'user_1701@github.com', 'AAAA', 'GITHUB'),
    (1270, 'user_1270@naver.com', 'AAAA', 'NAVER'),
    (1204, 'user_1204@github.com', 'AAAA', 'GITHUB'),
    (1680, 'user_1680@google.com', 'AAAA', 'GOOGLE'),
    (1010, 'user_1010@naver.com', 'AAAA', 'NAVER'),
    (1484, 'user_1484@google.com', 'AAAA', 'GOOGLE'),
    (1379, 'user_1379@github.com', 'AAAA', 'GITHUB'),
    (1953, 'user_1953@facebook.com', 'AAAA', 'FACEBOOK'),
    (1738, 'user_1738@github.com', 'AAAA', 'GITHUB'),
    (1736, 'user_1736@kakao.com', 'AAAA', 'KAKAO'),
    (1539, 'user_1539@google.com', 'AAAA', 'GOOGLE'),
    (1657, 'user_1657@github.com', 'AAAA', 'GITHUB'),
    (1412, 'user_1412@kakao.com', 'AAAA', 'KAKAO'),
    (1662, 'user_1662@github.com', 'AAAA', 'GITHUB'),
    (1263, 'user_1263@kakao.com', 'AAAA', 'KAKAO'),
    (1398, 'user_1398@github.com', 'AAAA', 'GITHUB'),
    (1020, 'user_1020@github.com', 'AAAA', 'GITHUB'),
    (1254, 'user_1254@google.com', 'AAAA', 'GOOGLE'),
    (1119, 'user_1119@naver.com', 'AAAA', 'NAVER'),
    (1658, 'user_1658@naver.com', 'AAAA', 'NAVER'),
    (1130, 'user_1130@kakao.com', 'AAAA', 'KAKAO'),
    (1506, 'user_1506@github.com', 'AAAA', 'GITHUB'),
    (1280, 'user_1280@facebook.com', 'AAAA', 'FACEBOOK'),
    (1466, 'user_1466@github.com', 'AAAA', 'GITHUB'),
    (1396, 'user_1396@google.com', 'AAAA', 'GOOGLE'),
    (1440, 'user_1440@github.com', 'AAAA', 'GITHUB'),
    (1544, 'user_1544@github.com', 'AAAA', 'GITHUB'),
    (1845, 'user_1845@kakao.com', 'AAAA', 'KAKAO'),
    (1320, 'user_1320@facebook.com', 'AAAA', 'FACEBOOK'),
    (1556, 'user_1556@github.com', 'AAAA', 'GITHUB'),
    (1137, 'user_1137@google.com', 'AAAA', 'GOOGLE'),
    (1950, 'user_1950@google.com', 'AAAA', 'GOOGLE'),
    (1523, 'user_1523@naver.com', 'AAAA', 'NAVER'),
    (1273, 'user_1273@google.com', 'AAAA', 'GOOGLE'),
    (1901, 'user_1901@facebook.com', 'AAAA', 'FACEBOOK'),
    (1756, 'user_1756@kakao.com', 'AAAA', 'KAKAO'),
    (1003, 'user_1003@github.com', 'AAAA', 'GITHUB'),
    (1026, 'user_1026@google.com', 'AAAA', 'GOOGLE'),
    (1977, 'user_1977@kakao.com', 'AAAA', 'KAKAO'),
    (1638, 'user_1638@naver.com', 'AAAA', 'NAVER'),
    (1949, 'user_1949@kakao.com', 'AAAA', 'KAKAO'),
    (1000, 'user_1000@google.com', 'AAAA', 'GOOGLE'),
    (1127, 'user_1127@google.com', 'AAAA', 'GOOGLE'),
    (1572, 'user_1572@github.com', 'AAAA', 'GITHUB'),
    (1154, 'user_1154@facebook.com', 'AAAA', 'FACEBOOK'),
    (1023, 'user_1023@facebook.com', 'AAAA', 'FACEBOOK'),
    (1443, 'user_1443@kakao.com', 'AAAA', 'KAKAO'),
    (1271, 'user_1271@facebook.com', 'AAAA', 'FACEBOOK'),
    (1325, 'user_1325@naver.com', 'AAAA', 'NAVER'),
    (1404, 'user_1404@google.com', 'AAAA', 'GOOGLE'),
    (1737, 'user_1737@kakao.com', 'AAAA', 'KAKAO'),
    (1844, 'user_1844@kakao.com', 'AAAA', 'KAKAO'),
    (1365, 'user_1365@github.com', 'AAAA', 'GITHUB'),
    (1356, 'user_1356@google.com', 'AAAA', 'GOOGLE'),
    (1661, 'user_1661@google.com', 'AAAA', 'GOOGLE'),
    (1829, 'user_1829@kakao.com', 'AAAA', 'KAKAO'),
    (1988, 'user_1988@github.com', 'AAAA', 'GITHUB'),
    (1886, 'user_1886@facebook.com', 'AAAA', 'FACEBOOK'),
    (1355, 'user_1355@google.com', 'AAAA', 'GOOGLE'),
    (1694, 'user_1694@google.com', 'AAAA', 'GOOGLE'),
    (1852, 'user_1852@google.com', 'AAAA', 'GOOGLE'),
    (1862, 'user_1862@kakao.com', 'AAAA', 'KAKAO'),
    (1428, 'user_1428@kakao.com', 'AAAA', 'KAKAO'),
    (1399, 'user_1399@naver.com', 'AAAA', 'NAVER'),
    (1141, 'user_1141@naver.com', 'AAAA', 'NAVER'),
    (1958, 'user_1958@naver.com', 'AAAA', 'NAVER'),
    (1725, 'user_1725@google.com', 'AAAA', 'GOOGLE'),
    (1704, 'user_1704@facebook.com', 'AAAA', 'FACEBOOK'),
    (1311, 'user_1311@google.com', 'AAAA', 'GOOGLE'),
    (1275, 'user_1275@naver.com', 'AAAA', 'NAVER'),
    (1345, 'user_1345@kakao.com', 'AAAA', 'KAKAO'),
    (1414, 'user_1414@facebook.com', 'AAAA', 'FACEBOOK'),
    (1228, 'user_1228@naver.com', 'AAAA', 'NAVER'),
    (1542, 'user_1542@naver.com', 'AAAA', 'NAVER'),
    (1775, 'user_1775@github.com', 'AAAA', 'GITHUB'),
    (1442, 'user_1442@google.com', 'AAAA', 'GOOGLE'),
    (1792, 'user_1792@kakao.com', 'AAAA', 'KAKAO'),
    (1116, 'user_1116@naver.com', 'AAAA', 'NAVER'),
    (1033, 'user_1033@github.com', 'AAAA', 'GITHUB'),
    (1859, 'user_1859@naver.com', 'AAAA', 'NAVER'),
    (1358, 'user_1358@google.com', 'AAAA', 'GOOGLE'),
    (1678, 'user_1678@naver.com', 'AAAA', 'NAVER'),
    (1123, 'user_1123@kakao.com', 'AAAA', 'KAKAO'),
    (1601, 'user_1601@google.com', 'AAAA', 'GOOGLE'),
    (1557, 'user_1557@facebook.com', 'AAAA', 'FACEBOOK'),
    (1291, 'user_1291@google.com', 'AAAA', 'GOOGLE'),
    (1695, 'user_1695@kakao.com', 'AAAA', 'KAKAO'),
    (1584, 'user_1584@facebook.com', 'AAAA', 'FACEBOOK'),
    (1369, 'user_1369@facebook.com', 'AAAA', 'FACEBOOK'),
    (1021, 'user_1021@google.com', 'AAAA', 'GOOGLE'),
    (1165, 'user_1165@kakao.com', 'AAAA', 'KAKAO'),
    (1500, 'user_1500@naver.com', 'AAAA', 'NAVER'),
    (1518, 'user_1518@facebook.com', 'AAAA', 'FACEBOOK'),
    (1962, 'user_1962@naver.com', 'AAAA', 'NAVER'),
    (1697, 'user_1697@kakao.com', 'AAAA', 'KAKAO'),
    (1261, 'user_1261@kakao.com', 'AAAA', 'KAKAO'),
    (1305, 'user_1305@github.com', 'AAAA', 'GITHUB'),
    (1759, 'user_1759@github.com', 'AAAA', 'GITHUB'),
    (1264, 'user_1264@facebook.com', 'AAAA', 'FACEBOOK'),
    (1364, 'user_1364@google.com', 'AAAA', 'GOOGLE'),

insert into user_profiles (user_id, user_name, user_profile, organization)
values (1701, 'test_user_0', 'https://gravatar.com/avatar/dba6bae8c566f9d4041fb9cd9ada7741?d=identicon&f=y', 'All Star Gym'),
       (1270, 'test_user_1', 'https://gravatar.com/avatar/dba6bae8c566f9d4041fb9cd9ada7741?d=identicon&f=y', 'Value Fitness'),
       (1204, 'test_user_2', 'https://gravatar.com/avatar/dba6bae8c566f9d4041fb9cd9ada7741?d=identicon&f=y', 'All Star Gym'),
       (1680, 'test_user_3', 'https://gravatar.com/avatar/dba6bae8c566f9d4041fb9cd9ada7741?d=identicon&f=y', 'Value Fitness'),
       (1010, 'test_user_4', 'https://gravatar.com/avatar/dba6bae8c566f9d4041fb9cd9ada7741?d=identicon&f=y', 'Value Fitness'),
       (1484, 'test_user_5', 'https://gravatar.com/avatar/dba6bae8c566f9d4041fb9cd9ada7741?d=identicon&f=y', 'Clean Gym'),
       (1379, 'test_user_6', 'https://gravatar.com/avatar/dba6bae8c566f9d4041fb9cd9ada7741?d=identicon&f=y', 'Value Fitness'),
       (1953, 'test_user_7', 'https://gravatar.com/avatar/dba6bae8c566f9d4041fb9cd9ada7741?d=identicon&f=y', 'Fitness M'),
       (1738, 'test_user_8', 'https://gravatar.com/avatar/dba6bae8c566f9d4041fb9cd9ada7741?d=identicon&f=y', 'Strong Powerlift'),
       (1736, 'test_user_9', 'https://gravatar.com/avatar/dba6bae8c566f9d4041fb9cd9ada7741?d=identicon&f=y', 'Goto Gym'),
       (1539, 'test_user_10', 'https://gravatar.com/avatar/dba6bae8c566f9d4041fb9cd9ada7741?d=identicon&f=y', '나눔 휘트니스'),
       (1657, 'test_user_11', 'https://gravatar.com/avatar/dba6bae8c566f9d4041fb9cd9ada7741?d=identicon&f=y', '나눔 휘트니스'),
       (1412, 'test_user_12', 'https://gravatar.com/avatar/dba6bae8c566f9d4041fb9cd9ada7741?d=identicon&f=y', 'Fitness M'),
       (1662, 'test_user_13', 'https://gravatar.com/avatar/dba6bae8c566f9d4041fb9cd9ada7741?d=identicon&f=y', 'Goto Gym'),
       (1263, 'test_user_14', 'https://gravatar.com/avatar/dba6bae8c566f9d4041fb9cd9ada7741?d=identicon&f=y', 'Strong Powerlift'),
       (1398, 'test_user_15', 'https://gravatar.com/avatar/dba6bae8c566f9d4041fb9cd9ada7741?d=identicon&f=y', 'Value Fitness'),
       (1020, 'test_user_16', 'https://gravatar.com/avatar/dba6bae8c566f9d4041fb9cd9ada7741?d=identicon&f=y', 'Clean Gym'),
       (1254, 'test_user_17', 'https://gravatar.com/avatar/dba6bae8c566f9d4041fb9cd9ada7741?d=identicon&f=y', 'Value Fitness'),
       (1119, 'test_user_18', 'https://gravatar.com/avatar/dba6bae8c566f9d4041fb9cd9ada7741?d=identicon&f=y', 'Strong Powerlift'),
       (1658, 'test_user_19', 'https://gravatar.com/avatar/dba6bae8c566f9d4041fb9cd9ada7741?d=identicon&f=y', 'All Star Gym'),
       (1130, 'test_user_20', 'https://gravatar.com/avatar/dba6bae8c566f9d4041fb9cd9ada7741?d=identicon&f=y', 'Value Fitness'),
       (1506, 'test_user_21', 'https://gravatar.com/avatar/dba6bae8c566f9d4041fb9cd9ada7741?d=identicon&f=y', 'Strong Powerlift'),
       (1280, 'test_user_22', 'https://gravatar.com/avatar/dba6bae8c566f9d4041fb9cd9ada7741?d=identicon&f=y', '나눔 휘트니스'),
       (1466, 'test_user_23', 'https://gravatar.com/avatar/dba6bae8c566f9d4041fb9cd9ada7741?d=identicon&f=y', 'Strong Powerlift'),
       (1396, 'test_user_24', 'https://gravatar.com/avatar/dba6bae8c566f9d4041fb9cd9ada7741?d=identicon&f=y', 'Goto Gym'),
       (1440, 'test_user_25', 'https://gravatar.com/avatar/dba6bae8c566f9d4041fb9cd9ada7741?d=identicon&f=y', 'Value Fitness'),
       (1544, 'test_user_26', 'https://gravatar.com/avatar/dba6bae8c566f9d4041fb9cd9ada7741?d=identicon&f=y', 'Goto Gym'),
       (1845, 'test_user_27', 'https://gravatar.com/avatar/dba6bae8c566f9d4041fb9cd9ada7741?d=identicon&f=y', 'All Star Gym'),
       (1320, 'test_user_28', 'https://gravatar.com/avatar/dba6bae8c566f9d4041fb9cd9ada7741?d=identicon&f=y', 'Strong Powerlift'),
       (1556, 'test_user_29', 'https://gravatar.com/avatar/dba6bae8c566f9d4041fb9cd9ada7741?d=identicon&f=y', 'Clean Gym'),
       (1137, 'test_user_30', 'https://gravatar.com/avatar/dba6bae8c566f9d4041fb9cd9ada7741?d=identicon&f=y', 'Value Fitness'),
       (1950, 'test_user_31', 'https://gravatar.com/avatar/dba6bae8c566f9d4041fb9cd9ada7741?d=identicon&f=y', 'All Star Gym'),
       (1523, 'test_user_32', 'https://gravatar.com/avatar/dba6bae8c566f9d4041fb9cd9ada7741?d=identicon&f=y', '나눔 휘트니스'),
       (1273, 'test_user_33', 'https://gravatar.com/avatar/dba6bae8c566f9d4041fb9cd9ada7741?d=identicon&f=y', 'Fitness M'),
       (1901, 'test_user_34', 'https://gravatar.com/avatar/dba6bae8c566f9d4041fb9cd9ada7741?d=identicon&f=y', 'Strong Powerlift'),
       (1756, 'test_user_35', 'https://gravatar.com/avatar/dba6bae8c566f9d4041fb9cd9ada7741?d=identicon&f=y', 'Clean Gym'),
       (1003, 'test_user_36', 'https://gravatar.com/avatar/dba6bae8c566f9d4041fb9cd9ada7741?d=identicon&f=y', 'Goto Gym'),
       (1026, 'test_user_37', 'https://gravatar.com/avatar/dba6bae8c566f9d4041fb9cd9ada7741?d=identicon&f=y', 'Fitness M'),
       (1977, 'test_user_38', 'https://gravatar.com/avatar/dba6bae8c566f9d4041fb9cd9ada7741?d=identicon&f=y', 'Fitness M'),
       (1638, 'test_user_39', 'https://gravatar.com/avatar/dba6bae8c566f9d4041fb9cd9ada7741?d=identicon&f=y', 'Strong Powerlift'),
       (1949, 'test_user_40', 'https://gravatar.com/avatar/dba6bae8c566f9d4041fb9cd9ada7741?d=identicon&f=y', 'Goto Gym'),
       (1000, 'test_user_41', 'https://gravatar.com/avatar/dba6bae8c566f9d4041fb9cd9ada7741?d=identicon&f=y', 'Fitness M'),
       (1127, 'test_user_42', 'https://gravatar.com/avatar/dba6bae8c566f9d4041fb9cd9ada7741?d=identicon&f=y', 'Goto Gym'),
       (1572, 'test_user_43', 'https://gravatar.com/avatar/dba6bae8c566f9d4041fb9cd9ada7741?d=identicon&f=y', 'All Star Gym'),
       (1154, 'test_user_44', 'https://gravatar.com/avatar/dba6bae8c566f9d4041fb9cd9ada7741?d=identicon&f=y', 'All Star Gym'),
       (1023, 'test_user_45', 'https://gravatar.com/avatar/dba6bae8c566f9d4041fb9cd9ada7741?d=identicon&f=y', 'Strong Powerlift'),
       (1443, 'test_user_46', 'https://gravatar.com/avatar/dba6bae8c566f9d4041fb9cd9ada7741?d=identicon&f=y', 'Strong Powerlift'),
       (1271, 'test_user_47', 'https://gravatar.com/avatar/dba6bae8c566f9d4041fb9cd9ada7741?d=identicon&f=y', 'Value Fitness'),
       (1325, 'test_user_48', 'https://gravatar.com/avatar/dba6bae8c566f9d4041fb9cd9ada7741?d=identicon&f=y', '나눔 휘트니스'),
       (1404, 'test_user_49', 'https://gravatar.com/avatar/dba6bae8c566f9d4041fb9cd9ada7741?d=identicon&f=y', 'Goto Gym'),
       (1737, 'test_user_50', 'https://gravatar.com/avatar/dba6bae8c566f9d4041fb9cd9ada7741?d=identicon&f=y', '나눔 휘트니스'),
       (1844, 'test_user_51', 'https://gravatar.com/avatar/dba6bae8c566f9d4041fb9cd9ada7741?d=identicon&f=y', 'Fitness M'),
       (1365, 'test_user_52', 'https://gravatar.com/avatar/dba6bae8c566f9d4041fb9cd9ada7741?d=identicon&f=y', 'Clean Gym'),
       (1356, 'test_user_53', 'https://gravatar.com/avatar/dba6bae8c566f9d4041fb9cd9ada7741?d=identicon&f=y', '나눔 휘트니스'),
       (1661, 'test_user_54', 'https://gravatar.com/avatar/dba6bae8c566f9d4041fb9cd9ada7741?d=identicon&f=y', '나눔 휘트니스'),
       (1829, 'test_user_55', 'https://gravatar.com/avatar/dba6bae8c566f9d4041fb9cd9ada7741?d=identicon&f=y', 'Fitness M'),
       (1988, 'test_user_56', 'https://gravatar.com/avatar/dba6bae8c566f9d4041fb9cd9ada7741?d=identicon&f=y', 'Fitness M'),
       (1886, 'test_user_57', 'https://gravatar.com/avatar/dba6bae8c566f9d4041fb9cd9ada7741?d=identicon&f=y', 'Value Fitness'),
       (1355, 'test_user_58', 'https://gravatar.com/avatar/dba6bae8c566f9d4041fb9cd9ada7741?d=identicon&f=y', 'Clean Gym'),
       (1694, 'test_user_59', 'https://gravatar.com/avatar/dba6bae8c566f9d4041fb9cd9ada7741?d=identicon&f=y', 'Value Fitness'),
       (1852, 'test_user_60', 'https://gravatar.com/avatar/dba6bae8c566f9d4041fb9cd9ada7741?d=identicon&f=y', 'Goto Gym'),
       (1862, 'test_user_61', 'https://gravatar.com/avatar/dba6bae8c566f9d4041fb9cd9ada7741?d=identicon&f=y', '나눔 휘트니스'),
       (1428, 'test_user_62', 'https://gravatar.com/avatar/dba6bae8c566f9d4041fb9cd9ada7741?d=identicon&f=y', '나눔 휘트니스'),
       (1399, 'test_user_63', 'https://gravatar.com/avatar/dba6bae8c566f9d4041fb9cd9ada7741?d=identicon&f=y', 'Strong Powerlift'),
       (1141, 'test_user_64', 'https://gravatar.com/avatar/dba6bae8c566f9d4041fb9cd9ada7741?d=identicon&f=y', 'Value Fitness'),
       (1958, 'test_user_65', 'https://gravatar.com/avatar/dba6bae8c566f9d4041fb9cd9ada7741?d=identicon&f=y', 'Strong Powerlift'),
       (1725, 'test_user_66', 'https://gravatar.com/avatar/dba6bae8c566f9d4041fb9cd9ada7741?d=identicon&f=y', 'Value Fitness'),
       (1704, 'test_user_67', 'https://gravatar.com/avatar/dba6bae8c566f9d4041fb9cd9ada7741?d=identicon&f=y', 'Fitness M'),
       (1311, 'test_user_68', 'https://gravatar.com/avatar/dba6bae8c566f9d4041fb9cd9ada7741?d=identicon&f=y', 'Strong Powerlift'),
       (1275, 'test_user_69', 'https://gravatar.com/avatar/dba6bae8c566f9d4041fb9cd9ada7741?d=identicon&f=y', 'Value Fitness'),
       (1345, 'test_user_70', 'https://gravatar.com/avatar/dba6bae8c566f9d4041fb9cd9ada7741?d=identicon&f=y', 'Strong Powerlift'),
       (1414, 'test_user_71', 'https://gravatar.com/avatar/dba6bae8c566f9d4041fb9cd9ada7741?d=identicon&f=y', 'Clean Gym'),
       (1228, 'test_user_72', 'https://gravatar.com/avatar/dba6bae8c566f9d4041fb9cd9ada7741?d=identicon&f=y', 'All Star Gym'),
       (1542, 'test_user_73', 'https://gravatar.com/avatar/dba6bae8c566f9d4041fb9cd9ada7741?d=identicon&f=y', 'Strong Powerlift'),
       (1775, 'test_user_74', 'https://gravatar.com/avatar/dba6bae8c566f9d4041fb9cd9ada7741?d=identicon&f=y', 'Clean Gym'),
       (1442, 'test_user_75', 'https://gravatar.com/avatar/dba6bae8c566f9d4041fb9cd9ada7741?d=identicon&f=y', 'Clean Gym'),
       (1792, 'test_user_76', 'https://gravatar.com/avatar/dba6bae8c566f9d4041fb9cd9ada7741?d=identicon&f=y', 'Value Fitness'),
       (1116, 'test_user_77', 'https://gravatar.com/avatar/dba6bae8c566f9d4041fb9cd9ada7741?d=identicon&f=y', '나눔 휘트니스'),
       (1033, 'test_user_78', 'https://gravatar.com/avatar/dba6bae8c566f9d4041fb9cd9ada7741?d=identicon&f=y', '나눔 휘트니스'),
       (1859, 'test_user_79', 'https://gravatar.com/avatar/dba6bae8c566f9d4041fb9cd9ada7741?d=identicon&f=y', 'Fitness M'),
       (1358, 'test_user_80', 'https://gravatar.com/avatar/dba6bae8c566f9d4041fb9cd9ada7741?d=identicon&f=y', 'Clean Gym'),
       (1678, 'test_user_81', 'https://gravatar.com/avatar/dba6bae8c566f9d4041fb9cd9ada7741?d=identicon&f=y', 'Fitness M'),
       (1123, 'test_user_82', 'https://gravatar.com/avatar/dba6bae8c566f9d4041fb9cd9ada7741?d=identicon&f=y', 'Value Fitness'),
       (1601, 'test_user_83', 'https://gravatar.com/avatar/dba6bae8c566f9d4041fb9cd9ada7741?d=identicon&f=y', 'Strong Powerlift'),
       (1557, 'test_user_84', 'https://gravatar.com/avatar/dba6bae8c566f9d4041fb9cd9ada7741?d=identicon&f=y', '나눔 휘트니스'),
       (1291, 'test_user_85', 'https://gravatar.com/avatar/dba6bae8c566f9d4041fb9cd9ada7741?d=identicon&f=y', 'Goto Gym'),
       (1695, 'test_user_86', 'https://gravatar.com/avatar/dba6bae8c566f9d4041fb9cd9ada7741?d=identicon&f=y', 'Value Fitness'),
       (1584, 'test_user_87', 'https://gravatar.com/avatar/dba6bae8c566f9d4041fb9cd9ada7741?d=identicon&f=y', '나눔 휘트니스'),
       (1369, 'test_user_88', 'https://gravatar.com/avatar/dba6bae8c566f9d4041fb9cd9ada7741?d=identicon&f=y', '나눔 휘트니스'),
       (1021, 'test_user_89', 'https://gravatar.com/avatar/dba6bae8c566f9d4041fb9cd9ada7741?d=identicon&f=y', 'Strong Powerlift'),
       (1165, 'test_user_90', 'https://gravatar.com/avatar/dba6bae8c566f9d4041fb9cd9ada7741?d=identicon&f=y', 'Value Fitness'),
       (1500, 'test_user_91', 'https://gravatar.com/avatar/dba6bae8c566f9d4041fb9cd9ada7741?d=identicon&f=y', 'Fitness M'),
       (1518, 'test_user_92', 'https://gravatar.com/avatar/dba6bae8c566f9d4041fb9cd9ada7741?d=identicon&f=y', 'Fitness M'),
       (1962, 'test_user_93', 'https://gravatar.com/avatar/dba6bae8c566f9d4041fb9cd9ada7741?d=identicon&f=y', 'Goto Gym'),
       (1697, 'test_user_94', 'https://gravatar.com/avatar/dba6bae8c566f9d4041fb9cd9ada7741?d=identicon&f=y', 'Fitness M'),
       (1261, 'test_user_95', 'https://gravatar.com/avatar/dba6bae8c566f9d4041fb9cd9ada7741?d=identicon&f=y', 'Clean Gym'),
       (1305, 'test_user_96', 'https://gravatar.com/avatar/dba6bae8c566f9d4041fb9cd9ada7741?d=identicon&f=y', 'Strong Powerlift'),
       (1759, 'test_user_97', 'https://gravatar.com/avatar/dba6bae8c566f9d4041fb9cd9ada7741?d=identicon&f=y', 'Clean Gym'),
       (1264, 'test_user_98', 'https://gravatar.com/avatar/dba6bae8c566f9d4041fb9cd9ada7741?d=identicon&f=y', 'All Star Gym'),
       (1364, 'test_user_99', 'https://gravatar.com/avatar/dba6bae8c566f9d4041fb9cd9ada7741?d=identicon&f=y', 'Value Fitness');
