insert into records (user_id, record_type, rm_kg, rm_lb, rep_count, cert_count, video_link)
values (1847, 'SQ', 295.84, 652.21, 1, 14,'https://link.com'),
       (1062, 'SQ', 4945.72, 10903.43, 19, 2,'https://link.com'),
       (1039, 'DL', 3011.91, 6640.12, 17, 5,'https://link.com'),
       (1932, 'DL', 3441.48, 7587.16, 22, 12,'https://link.com'),
       (1796, 'BP', 91.69, 202.14, 1, 0,'https://link.com'),
       (1627, 'SQ', 5335.22, 11762.13, 18, 3,'https://link.com'),
       (1313, 'BP', 2251.46, 4963.61, 24, 4,'https://link.com'),
       (1981, 'BP', 2852.78, 6289.30, 25, 14,'https://link.com'),
       (1837, 'DL', 1727.23, 3807.89, 6, 2,'https://link.com'),
       (1284, 'SQ', 830.77, 1831.53, 14, 8,'https://link.com'),
       (1185, 'BP', 928.08, 2046.06, 11, 7,'https://link.com'),
       (1488, 'BP', 980.10, 2160.75, 5, 12,'https://link.com'),
       (1034, 'BP', 1008.64, 2223.67, 9, 6,'https://link.com'),
       (1507, 'DL', 275.45, 607.26, 11, 5,'https://link.com'),
       (1448, 'SQ', 143.86, 317.16, 16, 0,'https://link.com'),
       (1927, 'SQ', 341.93, 753.83, 8, 3,'https://link.com'),
       (1961, 'BP', 374.69, 826.05, 26, 2,'https://link.com'),
       (1142, 'DL', 218.04, 480.70, 4, 7,'https://link.com'),
       (1525, 'BP', 829.79, 1829.37, 17, 3,'https://link.com'),
       (1946, 'SQ', 573.45, 1264.24, 3, 13,'https://link.com'),
       (1856, 'SQ', 2438.43, 5375.81, 30, 3,'https://link.com'),
       (1339, 'BP', 1626.97, 3586.85, 8, 0,'https://link.com'),
       (1581, 'SQ', 4433.27, 9773.68, 25, 13,'https://link.com'),
       (1598, 'BP', 1093.92, 2411.68, 4, 13,'https://link.com'),
       (1014, 'BP', 1000.28, 2205.24, 18, 2,'https://link.com'),
       (1701, 'DL', 5590.42, 12324.75, 20, 5,'https://link.com'),
       (1379, 'DL', 2489.41, 5488.20, 12, 11,'https://link.com'),
       (1424, 'DL', 2336.61, 5151.34, 14, 5,'https://link.com'),
       (1184, 'SQ', 7595.15, 16744.42, 26, 2,'https://link.com'),
       (1890, 'DL', 1613.29, 3556.69, 8, 5,'https://link.com'),
       (1343, 'SQ', 1953.17, 4306.00, 11, 8,'https://link.com'),
       (1025, 'DL', 889.99, 1962.09, 7, 8,'https://link.com'),
       (1945, 'SQ', 822.50, 1813.30, 23, 11,'https://link.com'),
       (1913, 'SQ', 124.88, 275.31, 1, 7,'https://link.com'),
       (1994, 'BP', 935.70, 2062.86, 5, 13,'https://link.com'),
       (1869, 'DL', 258.33, 569.52, 8, 1,'https://link.com'),
       (1659, 'SQ', 4360.75, 9613.80, 26, 11,'https://link.com'),
       (1407, 'DL', 4550.10, 10031.24, 16, 13,'https://link.com'),
       (1904, 'DL', 1462.02, 3223.20, 11, 0,'https://link.com'),
       (1841, 'BP', 7458.53, 16443.22, 25, 5,'https://link.com'),
       (1389, 'DL', 405.52, 894.02, 25, 13,'https://link.com'),
       (1320, 'SQ', 4391.42, 9681.41, 20, 4,'https://link.com'),
       (1384, 'SQ', 3333.55, 7349.21, 14, 9,'https://link.com'),
       (1999, 'DL', 911.61, 2009.75, 5, 13,'https://link.com'),
       (1565, 'BP', 69.72, 153.71, 4, 11,'https://link.com'),
       (1639, 'BP', 3607.64, 7953.48, 13, 6,'https://link.com'),
       (1273, 'DL', 597.00, 1316.16, 4, 3,'https://link.com'),
       (1781, 'DL', 2430.01, 5357.25, 9, 9,'https://link.com'),
       (1306, 'DL', 2625.62, 5788.49, 20, 13,'https://link.com'),
       (1954, 'DL', 2062.81, 4547.71, 9, 4,'https://link.com'),
       (1076, 'BP', 631.70, 1392.66, 24, 12,'https://link.com'),
       (1109, 'BP', 1412.41, 3113.83, 8, 8,'https://link.com'),
       (1698, 'DL', 984.03, 2169.41, 30, 0,'https://link.com'),
       (1967, 'DL', 129.25, 284.95, 12, 4,'https://link.com'),
       (1211, 'BP', 775.35, 1709.35, 26, 0,'https://link.com'),
       (1326, 'SQ', 1521.01, 3353.25, 23, 11,'https://link.com'),
       (1227, 'SQ', 1485.90, 3275.84, 7, 8,'https://link.com'),
       (1641, 'SQ', 5665.15, 12489.50, 23, 8,'https://link.com'),
       (1208, 'BP', 4679.54, 10316.61, 16, 13,'https://link.com'),
       (1510, 'BP', 2125.77, 4686.52, 8, 12,'https://link.com'),
       (1444, 'DL', 3183.33, 7018.03, 27, 6,'https://link.com'),
       (1462, 'SQ', 7352.73, 16209.98, 30, 12,'https://link.com'),
       (1110, 'BP', 672.47, 1482.54, 15, 2,'https://link.com'),
       (1527, 'DL', 2635.69, 5810.69, 12, 1,'https://link.com'),
       (1169, 'SQ', 2931.62, 6463.11, 15, 13,'https://link.com'),
       (1732, 'SQ', 1537.81, 3390.29, 6, 5,'https://link.com'),
       (1351, 'SQ', 887.42, 1956.42, 20, 3,'https://link.com'),
       (1498, 'DL', 2279.31, 5025.01, 10, 14,'https://link.com'),
       (1773, 'SQ', 2329.09, 5134.76, 12, 2,'https://link.com'),
       (1144, 'SQ', 4859.63, 10713.64, 21, 12,'https://link.com'),
       (1101, 'BP', 742.68, 1637.33, 3, 4,'https://link.com'),
       (1972, 'BP', 2618.76, 5773.37, 27, 6,'https://link.com'),
       (1162, 'DL', 579.44, 1277.45, 18, 13,'https://link.com'),
       (1366, 'BP', 169.71, 374.15, 1, 0,'https://link.com'),
       (1270, 'BP', 240.48, 530.17, 4, 8,'https://link.com'),
       (1714, 'DL', 7443.55, 16410.20, 28, 13,'https://link.com'),
       (1854, 'SQ', 387.40, 854.07, 4, 14,'https://link.com'),
       (1618, 'DL', 42.54, 93.78, 1, 7,'https://link.com'),
       (1103, 'SQ', 5824.87, 12841.62, 28, 7,'https://link.com'),
       (1504, 'DL', 1123.06, 2475.92, 15, 6,'https://link.com'),
       (1653, 'SQ', 249.92, 550.98, 17, 7,'https://link.com'),
       (1046, 'DL', 2976.91, 6562.96, 23, 11,'https://link.com'),
       (1386, 'DL', 853.38, 1881.38, 7, 12,'https://link.com'),
       (1075, 'SQ', 6227.52, 13729.32, 25, 13,'https://link.com'),
       (1269, 'SQ', 736.92, 1624.63, 3, 13,'https://link.com'),
       (1761, 'SQ', 1306.80, 2881.00, 5, 2,'https://link.com'),
       (1116, 'BP', 5954.07, 13126.46, 27, 5,'https://link.com'),
       (1747, 'SQ', 5910.03, 13029.37, 30, 1,'https://link.com'),
       (1633, 'DL', 595.45, 1312.74, 5, 7,'https://link.com'),
       (1202, 'SQ', 8666.43, 19106.18, 30, 6,'https://link.com'),
       (1494, 'BP', 5124.42, 11297.40, 23, 9,'https://link.com'),
       (1993, 'DL', 1699.76, 3747.32, 13, 0,'https://link.com'),
       (1440, 'DL', 854.01, 1882.77, 10, 5,'https://link.com'),
       (1171, 'DL', 7057.83, 15559.83, 27, 12,'https://link.com'),
       (1413, 'BP', 5908.59, 13026.20, 28, 14,'https://link.com'),
       (1546, 'BP', 2519.55, 5554.65, 29, 8,'https://link.com'),
       (1397, 'DL', 4355.02, 9601.16, 20, 8,'https://link.com'),
       (1335, 'SQ', 1227.47, 2706.10, 15, 10,'https://link.com'),
       (1978, 'SQ', 274.69, 605.59, 7, 8,'https://link.com'),
       (1057, 'BP', 3271.16, 7211.66, 18, 1,'https://link.com');

insert into users (id, email, oauth_key, oauth_service)
values (1847, 'user_1847@facebook.com', 'AAAA', 'FACEBOOK'),
       (1062, 'user_1062@naver.com', 'AAAA', 'NAVER'),
       (1039, 'user_1039@google.com', 'AAAA', 'GOOGLE'),
       (1932, 'user_1932@kakao.com', 'AAAA', 'KAKAO'),
       (1796, 'user_1796@facebook.com', 'AAAA', 'FACEBOOK'),
       (1627, 'user_1627@naver.com', 'AAAA', 'NAVER'),
       (1313, 'user_1313@google.com', 'AAAA', 'GOOGLE'),
       (1981, 'user_1981@naver.com', 'AAAA', 'NAVER'),
       (1837, 'user_1837@github.com', 'AAAA', 'GITHUB'),
       (1284, 'user_1284@github.com', 'AAAA', 'GITHUB'),
       (1185, 'user_1185@kakao.com', 'AAAA', 'KAKAO'),
       (1488, 'user_1488@naver.com', 'AAAA', 'NAVER'),
       (1034, 'user_1034@naver.com', 'AAAA', 'NAVER'),
       (1507, 'user_1507@facebook.com', 'AAAA', 'FACEBOOK'),
       (1448, 'user_1448@facebook.com', 'AAAA', 'FACEBOOK'),
       (1927, 'user_1927@facebook.com', 'AAAA', 'FACEBOOK'),
       (1961, 'user_1961@facebook.com', 'AAAA', 'FACEBOOK'),
       (1142, 'user_1142@kakao.com', 'AAAA', 'KAKAO'),
       (1525, 'user_1525@facebook.com', 'AAAA', 'FACEBOOK'),
       (1946, 'user_1946@google.com', 'AAAA', 'GOOGLE'),
       (1856, 'user_1856@facebook.com', 'AAAA', 'FACEBOOK'),
       (1339, 'user_1339@naver.com', 'AAAA', 'NAVER'),
       (1581, 'user_1581@google.com', 'AAAA', 'GOOGLE'),
       (1598, 'user_1598@facebook.com', 'AAAA', 'FACEBOOK'),
       (1014, 'user_1014@naver.com', 'AAAA', 'NAVER'),
       (1701, 'user_1701@github.com', 'AAAA', 'GITHUB'),
       (1379, 'user_1379@google.com', 'AAAA', 'GOOGLE'),
       (1424, 'user_1424@google.com', 'AAAA', 'GOOGLE'),
       (1184, 'user_1184@google.com', 'AAAA', 'GOOGLE'),
       (1890, 'user_1890@naver.com', 'AAAA', 'NAVER'),
       (1343, 'user_1343@facebook.com', 'AAAA', 'FACEBOOK'),
       (1025, 'user_1025@github.com', 'AAAA', 'GITHUB'),
       (1945, 'user_1945@google.com', 'AAAA', 'GOOGLE'),
       (1913, 'user_1913@google.com', 'AAAA', 'GOOGLE'),
       (1994, 'user_1994@kakao.com', 'AAAA', 'KAKAO'),
       (1869, 'user_1869@google.com', 'AAAA', 'GOOGLE'),
       (1659, 'user_1659@google.com', 'AAAA', 'GOOGLE'),
       (1407, 'user_1407@facebook.com', 'AAAA', 'FACEBOOK'),
       (1904, 'user_1904@naver.com', 'AAAA', 'NAVER'),
       (1841, 'user_1841@google.com', 'AAAA', 'GOOGLE'),
       (1389, 'user_1389@naver.com', 'AAAA', 'NAVER'),
       (1320, 'user_1320@github.com', 'AAAA', 'GITHUB'),
       (1384, 'user_1384@kakao.com', 'AAAA', 'KAKAO'),
       (1999, 'user_1999@kakao.com', 'AAAA', 'KAKAO'),
       (1565, 'user_1565@facebook.com', 'AAAA', 'FACEBOOK'),
       (1639, 'user_1639@kakao.com', 'AAAA', 'KAKAO'),
       (1273, 'user_1273@naver.com', 'AAAA', 'NAVER'),
       (1781, 'user_1781@google.com', 'AAAA', 'GOOGLE'),
       (1306, 'user_1306@google.com', 'AAAA', 'GOOGLE'),
       (1954, 'user_1954@kakao.com', 'AAAA', 'KAKAO'),
       (1076, 'user_1076@facebook.com', 'AAAA', 'FACEBOOK'),
       (1109, 'user_1109@facebook.com', 'AAAA', 'FACEBOOK'),
       (1698, 'user_1698@github.com', 'AAAA', 'GITHUB'),
       (1967, 'user_1967@google.com', 'AAAA', 'GOOGLE'),
       (1211, 'user_1211@google.com', 'AAAA', 'GOOGLE'),
       (1326, 'user_1326@kakao.com', 'AAAA', 'KAKAO'),
       (1227, 'user_1227@facebook.com', 'AAAA', 'FACEBOOK'),
       (1641, 'user_1641@naver.com', 'AAAA', 'NAVER'),
       (1208, 'user_1208@kakao.com', 'AAAA', 'KAKAO'),
       (1510, 'user_1510@facebook.com', 'AAAA', 'FACEBOOK'),
       (1444, 'user_1444@google.com', 'AAAA', 'GOOGLE'),
       (1462, 'user_1462@kakao.com', 'AAAA', 'KAKAO'),
       (1110, 'user_1110@google.com', 'AAAA', 'GOOGLE'),
       (1527, 'user_1527@facebook.com', 'AAAA', 'FACEBOOK'),
       (1169, 'user_1169@google.com', 'AAAA', 'GOOGLE'),
       (1732, 'user_1732@google.com', 'AAAA', 'GOOGLE'),
       (1351, 'user_1351@github.com', 'AAAA', 'GITHUB'),
       (1498, 'user_1498@github.com', 'AAAA', 'GITHUB'),
       (1773, 'user_1773@facebook.com', 'AAAA', 'FACEBOOK'),
       (1144, 'user_1144@github.com', 'AAAA', 'GITHUB'),
       (1101, 'user_1101@github.com', 'AAAA', 'GITHUB'),
       (1972, 'user_1972@naver.com', 'AAAA', 'NAVER'),
       (1162, 'user_1162@github.com', 'AAAA', 'GITHUB'),
       (1366, 'user_1366@google.com', 'AAAA', 'GOOGLE'),
       (1270, 'user_1270@kakao.com', 'AAAA', 'KAKAO'),
       (1714, 'user_1714@naver.com', 'AAAA', 'NAVER'),
       (1854, 'user_1854@naver.com', 'AAAA', 'NAVER'),
       (1618, 'user_1618@google.com', 'AAAA', 'GOOGLE'),
       (1103, 'user_1103@kakao.com', 'AAAA', 'KAKAO'),
       (1504, 'user_1504@naver.com', 'AAAA', 'NAVER'),
       (1653, 'user_1653@kakao.com', 'AAAA', 'KAKAO'),
       (1046, 'user_1046@naver.com', 'AAAA', 'NAVER'),
       (1386, 'user_1386@facebook.com', 'AAAA', 'FACEBOOK'),
       (1075, 'user_1075@kakao.com', 'AAAA', 'KAKAO'),
       (1269, 'user_1269@google.com', 'AAAA', 'GOOGLE'),
       (1761, 'user_1761@github.com', 'AAAA', 'GITHUB'),
       (1116, 'user_1116@github.com', 'AAAA', 'GITHUB'),
       (1747, 'user_1747@google.com', 'AAAA', 'GOOGLE'),
       (1633, 'user_1633@kakao.com', 'AAAA', 'KAKAO'),
       (1202, 'user_1202@kakao.com', 'AAAA', 'KAKAO'),
       (1494, 'user_1494@facebook.com', 'AAAA', 'FACEBOOK'),
       (1993, 'user_1993@google.com', 'AAAA', 'GOOGLE'),
       (1440, 'user_1440@naver.com', 'AAAA', 'NAVER'),
       (1171, 'user_1171@facebook.com', 'AAAA', 'FACEBOOK'),
       (1413, 'user_1413@facebook.com', 'AAAA', 'FACEBOOK'),
       (1546, 'user_1546@github.com', 'AAAA', 'GITHUB'),
       (1397, 'user_1397@kakao.com', 'AAAA', 'KAKAO'),
       (1335, 'user_1335@google.com', 'AAAA', 'GOOGLE'),
       (1978, 'user_1978@kakao.com', 'AAAA', 'KAKAO'),
       (1057, 'user_1057@facebook.com', 'AAAA', 'FACEBOOK');

insert into user_profiles (user_id, user_name, user_profile)
values (1847, 'test_user_0', 'https://gravatar.com/avatar/dba6bae8c566f9d4041fb9cd9ada7741?d=identicon&f=y'),
       (1062, 'test_user_1', 'https://gravatar.com/avatar/dba6bae8c566f9d4041fb9cd9ada7741?d=identicon&f=y'),
       (1039, 'test_user_2', 'https://gravatar.com/avatar/dba6bae8c566f9d4041fb9cd9ada7741?d=identicon&f=y'),
       (1932, 'test_user_3', 'https://gravatar.com/avatar/dba6bae8c566f9d4041fb9cd9ada7741?d=identicon&f=y'),
       (1796, 'test_user_4', 'https://gravatar.com/avatar/dba6bae8c566f9d4041fb9cd9ada7741?d=identicon&f=y'),
       (1627, 'test_user_5', 'https://gravatar.com/avatar/dba6bae8c566f9d4041fb9cd9ada7741?d=identicon&f=y'),
       (1313, 'test_user_6', 'https://gravatar.com/avatar/dba6bae8c566f9d4041fb9cd9ada7741?d=identicon&f=y'),
       (1981, 'test_user_7', 'https://gravatar.com/avatar/dba6bae8c566f9d4041fb9cd9ada7741?d=identicon&f=y'),
       (1837, 'test_user_8', 'https://gravatar.com/avatar/dba6bae8c566f9d4041fb9cd9ada7741?d=identicon&f=y'),
       (1284, 'test_user_9', 'https://gravatar.com/avatar/dba6bae8c566f9d4041fb9cd9ada7741?d=identicon&f=y'),
       (1185, 'test_user_10', 'https://gravatar.com/avatar/dba6bae8c566f9d4041fb9cd9ada7741?d=identicon&f=y'),
       (1488, 'test_user_11', 'https://gravatar.com/avatar/dba6bae8c566f9d4041fb9cd9ada7741?d=identicon&f=y'),
       (1034, 'test_user_12', 'https://gravatar.com/avatar/dba6bae8c566f9d4041fb9cd9ada7741?d=identicon&f=y'),
       (1507, 'test_user_13', 'https://gravatar.com/avatar/dba6bae8c566f9d4041fb9cd9ada7741?d=identicon&f=y'),
       (1448, 'test_user_14', 'https://gravatar.com/avatar/dba6bae8c566f9d4041fb9cd9ada7741?d=identicon&f=y'),
       (1927, 'test_user_15', 'https://gravatar.com/avatar/dba6bae8c566f9d4041fb9cd9ada7741?d=identicon&f=y'),
       (1961, 'test_user_16', 'https://gravatar.com/avatar/dba6bae8c566f9d4041fb9cd9ada7741?d=identicon&f=y'),
       (1142, 'test_user_17', 'https://gravatar.com/avatar/dba6bae8c566f9d4041fb9cd9ada7741?d=identicon&f=y'),
       (1525, 'test_user_18', 'https://gravatar.com/avatar/dba6bae8c566f9d4041fb9cd9ada7741?d=identicon&f=y'),
       (1946, 'test_user_19', 'https://gravatar.com/avatar/dba6bae8c566f9d4041fb9cd9ada7741?d=identicon&f=y'),
       (1856, 'test_user_20', 'https://gravatar.com/avatar/dba6bae8c566f9d4041fb9cd9ada7741?d=identicon&f=y'),
       (1339, 'test_user_21', 'https://gravatar.com/avatar/dba6bae8c566f9d4041fb9cd9ada7741?d=identicon&f=y'),
       (1581, 'test_user_22', 'https://gravatar.com/avatar/dba6bae8c566f9d4041fb9cd9ada7741?d=identicon&f=y'),
       (1598, 'test_user_23', 'https://gravatar.com/avatar/dba6bae8c566f9d4041fb9cd9ada7741?d=identicon&f=y'),
       (1014, 'test_user_24', 'https://gravatar.com/avatar/dba6bae8c566f9d4041fb9cd9ada7741?d=identicon&f=y'),
       (1701, 'test_user_25', 'https://gravatar.com/avatar/dba6bae8c566f9d4041fb9cd9ada7741?d=identicon&f=y'),
       (1379, 'test_user_26', 'https://gravatar.com/avatar/dba6bae8c566f9d4041fb9cd9ada7741?d=identicon&f=y'),
       (1424, 'test_user_27', 'https://gravatar.com/avatar/dba6bae8c566f9d4041fb9cd9ada7741?d=identicon&f=y'),
       (1184, 'test_user_28', 'https://gravatar.com/avatar/dba6bae8c566f9d4041fb9cd9ada7741?d=identicon&f=y'),
       (1890, 'test_user_29', 'https://gravatar.com/avatar/dba6bae8c566f9d4041fb9cd9ada7741?d=identicon&f=y'),
       (1343, 'test_user_30', 'https://gravatar.com/avatar/dba6bae8c566f9d4041fb9cd9ada7741?d=identicon&f=y'),
       (1025, 'test_user_31', 'https://gravatar.com/avatar/dba6bae8c566f9d4041fb9cd9ada7741?d=identicon&f=y'),
       (1945, 'test_user_32', 'https://gravatar.com/avatar/dba6bae8c566f9d4041fb9cd9ada7741?d=identicon&f=y'),
       (1913, 'test_user_33', 'https://gravatar.com/avatar/dba6bae8c566f9d4041fb9cd9ada7741?d=identicon&f=y'),
       (1994, 'test_user_34', 'https://gravatar.com/avatar/dba6bae8c566f9d4041fb9cd9ada7741?d=identicon&f=y'),
       (1869, 'test_user_35', 'https://gravatar.com/avatar/dba6bae8c566f9d4041fb9cd9ada7741?d=identicon&f=y'),
       (1659, 'test_user_36', 'https://gravatar.com/avatar/dba6bae8c566f9d4041fb9cd9ada7741?d=identicon&f=y'),
       (1407, 'test_user_37', 'https://gravatar.com/avatar/dba6bae8c566f9d4041fb9cd9ada7741?d=identicon&f=y'),
       (1904, 'test_user_38', 'https://gravatar.com/avatar/dba6bae8c566f9d4041fb9cd9ada7741?d=identicon&f=y'),
       (1841, 'test_user_39', 'https://gravatar.com/avatar/dba6bae8c566f9d4041fb9cd9ada7741?d=identicon&f=y'),
       (1389, 'test_user_40', 'https://gravatar.com/avatar/dba6bae8c566f9d4041fb9cd9ada7741?d=identicon&f=y'),
       (1320, 'test_user_41', 'https://gravatar.com/avatar/dba6bae8c566f9d4041fb9cd9ada7741?d=identicon&f=y'),
       (1384, 'test_user_42', 'https://gravatar.com/avatar/dba6bae8c566f9d4041fb9cd9ada7741?d=identicon&f=y'),
       (1999, 'test_user_43', 'https://gravatar.com/avatar/dba6bae8c566f9d4041fb9cd9ada7741?d=identicon&f=y'),
       (1565, 'test_user_44', 'https://gravatar.com/avatar/dba6bae8c566f9d4041fb9cd9ada7741?d=identicon&f=y'),
       (1639, 'test_user_45', 'https://gravatar.com/avatar/dba6bae8c566f9d4041fb9cd9ada7741?d=identicon&f=y'),
       (1273, 'test_user_46', 'https://gravatar.com/avatar/dba6bae8c566f9d4041fb9cd9ada7741?d=identicon&f=y'),
       (1781, 'test_user_47', 'https://gravatar.com/avatar/dba6bae8c566f9d4041fb9cd9ada7741?d=identicon&f=y'),
       (1306, 'test_user_48', 'https://gravatar.com/avatar/dba6bae8c566f9d4041fb9cd9ada7741?d=identicon&f=y'),
       (1954, 'test_user_49', 'https://gravatar.com/avatar/dba6bae8c566f9d4041fb9cd9ada7741?d=identicon&f=y'),
       (1076, 'test_user_50', 'https://gravatar.com/avatar/dba6bae8c566f9d4041fb9cd9ada7741?d=identicon&f=y'),
       (1109, 'test_user_51', 'https://gravatar.com/avatar/dba6bae8c566f9d4041fb9cd9ada7741?d=identicon&f=y'),
       (1698, 'test_user_52', 'https://gravatar.com/avatar/dba6bae8c566f9d4041fb9cd9ada7741?d=identicon&f=y'),
       (1967, 'test_user_53', 'https://gravatar.com/avatar/dba6bae8c566f9d4041fb9cd9ada7741?d=identicon&f=y'),
       (1211, 'test_user_54', 'https://gravatar.com/avatar/dba6bae8c566f9d4041fb9cd9ada7741?d=identicon&f=y'),
       (1326, 'test_user_55', 'https://gravatar.com/avatar/dba6bae8c566f9d4041fb9cd9ada7741?d=identicon&f=y'),
       (1227, 'test_user_56', 'https://gravatar.com/avatar/dba6bae8c566f9d4041fb9cd9ada7741?d=identicon&f=y'),
       (1641, 'test_user_57', 'https://gravatar.com/avatar/dba6bae8c566f9d4041fb9cd9ada7741?d=identicon&f=y'),
       (1208, 'test_user_58', 'https://gravatar.com/avatar/dba6bae8c566f9d4041fb9cd9ada7741?d=identicon&f=y'),
       (1510, 'test_user_59', 'https://gravatar.com/avatar/dba6bae8c566f9d4041fb9cd9ada7741?d=identicon&f=y'),
       (1444, 'test_user_60', 'https://gravatar.com/avatar/dba6bae8c566f9d4041fb9cd9ada7741?d=identicon&f=y'),
       (1462, 'test_user_61', 'https://gravatar.com/avatar/dba6bae8c566f9d4041fb9cd9ada7741?d=identicon&f=y'),
       (1110, 'test_user_62', 'https://gravatar.com/avatar/dba6bae8c566f9d4041fb9cd9ada7741?d=identicon&f=y'),
       (1527, 'test_user_63', 'https://gravatar.com/avatar/dba6bae8c566f9d4041fb9cd9ada7741?d=identicon&f=y'),
       (1169, 'test_user_64', 'https://gravatar.com/avatar/dba6bae8c566f9d4041fb9cd9ada7741?d=identicon&f=y'),
       (1732, 'test_user_65', 'https://gravatar.com/avatar/dba6bae8c566f9d4041fb9cd9ada7741?d=identicon&f=y'),
       (1351, 'test_user_66', 'https://gravatar.com/avatar/dba6bae8c566f9d4041fb9cd9ada7741?d=identicon&f=y'),
       (1498, 'test_user_67', 'https://gravatar.com/avatar/dba6bae8c566f9d4041fb9cd9ada7741?d=identicon&f=y'),
       (1773, 'test_user_68', 'https://gravatar.com/avatar/dba6bae8c566f9d4041fb9cd9ada7741?d=identicon&f=y'),
       (1144, 'test_user_69', 'https://gravatar.com/avatar/dba6bae8c566f9d4041fb9cd9ada7741?d=identicon&f=y'),
       (1101, 'test_user_70', 'https://gravatar.com/avatar/dba6bae8c566f9d4041fb9cd9ada7741?d=identicon&f=y'),
       (1972, 'test_user_71', 'https://gravatar.com/avatar/dba6bae8c566f9d4041fb9cd9ada7741?d=identicon&f=y'),
       (1162, 'test_user_72', 'https://gravatar.com/avatar/dba6bae8c566f9d4041fb9cd9ada7741?d=identicon&f=y'),
       (1366, 'test_user_73', 'https://gravatar.com/avatar/dba6bae8c566f9d4041fb9cd9ada7741?d=identicon&f=y'),
       (1270, 'test_user_74', 'https://gravatar.com/avatar/dba6bae8c566f9d4041fb9cd9ada7741?d=identicon&f=y'),
       (1714, 'test_user_75', 'https://gravatar.com/avatar/dba6bae8c566f9d4041fb9cd9ada7741?d=identicon&f=y'),
       (1854, 'test_user_76', 'https://gravatar.com/avatar/dba6bae8c566f9d4041fb9cd9ada7741?d=identicon&f=y'),
       (1618, 'test_user_77', 'https://gravatar.com/avatar/dba6bae8c566f9d4041fb9cd9ada7741?d=identicon&f=y'),
       (1103, 'test_user_78', 'https://gravatar.com/avatar/dba6bae8c566f9d4041fb9cd9ada7741?d=identicon&f=y'),
       (1504, 'test_user_79', 'https://gravatar.com/avatar/dba6bae8c566f9d4041fb9cd9ada7741?d=identicon&f=y'),
       (1653, 'test_user_80', 'https://gravatar.com/avatar/dba6bae8c566f9d4041fb9cd9ada7741?d=identicon&f=y'),
       (1046, 'test_user_81', 'https://gravatar.com/avatar/dba6bae8c566f9d4041fb9cd9ada7741?d=identicon&f=y'),
       (1386, 'test_user_82', 'https://gravatar.com/avatar/dba6bae8c566f9d4041fb9cd9ada7741?d=identicon&f=y'),
       (1075, 'test_user_83', 'https://gravatar.com/avatar/dba6bae8c566f9d4041fb9cd9ada7741?d=identicon&f=y'),
       (1269, 'test_user_84', 'https://gravatar.com/avatar/dba6bae8c566f9d4041fb9cd9ada7741?d=identicon&f=y'),
       (1761, 'test_user_85', 'https://gravatar.com/avatar/dba6bae8c566f9d4041fb9cd9ada7741?d=identicon&f=y'),
       (1116, 'test_user_86', 'https://gravatar.com/avatar/dba6bae8c566f9d4041fb9cd9ada7741?d=identicon&f=y'),
       (1747, 'test_user_87', 'https://gravatar.com/avatar/dba6bae8c566f9d4041fb9cd9ada7741?d=identicon&f=y'),
       (1633, 'test_user_88', 'https://gravatar.com/avatar/dba6bae8c566f9d4041fb9cd9ada7741?d=identicon&f=y'),
       (1202, 'test_user_89', 'https://gravatar.com/avatar/dba6bae8c566f9d4041fb9cd9ada7741?d=identicon&f=y'),
       (1494, 'test_user_90', 'https://gravatar.com/avatar/dba6bae8c566f9d4041fb9cd9ada7741?d=identicon&f=y'),
       (1993, 'test_user_91', 'https://gravatar.com/avatar/dba6bae8c566f9d4041fb9cd9ada7741?d=identicon&f=y'),
       (1440, 'test_user_92', 'https://gravatar.com/avatar/dba6bae8c566f9d4041fb9cd9ada7741?d=identicon&f=y'),
       (1171, 'test_user_93', 'https://gravatar.com/avatar/dba6bae8c566f9d4041fb9cd9ada7741?d=identicon&f=y'),
       (1413, 'test_user_94', 'https://gravatar.com/avatar/dba6bae8c566f9d4041fb9cd9ada7741?d=identicon&f=y'),
       (1546, 'test_user_95', 'https://gravatar.com/avatar/dba6bae8c566f9d4041fb9cd9ada7741?d=identicon&f=y'),
       (1397, 'test_user_96', 'https://gravatar.com/avatar/dba6bae8c566f9d4041fb9cd9ada7741?d=identicon&f=y'),
       (1335, 'test_user_97', 'https://gravatar.com/avatar/dba6bae8c566f9d4041fb9cd9ada7741?d=identicon&f=y'),
       (1978, 'test_user_98', 'https://gravatar.com/avatar/dba6bae8c566f9d4041fb9cd9ada7741?d=identicon&f=y'),
       (1057, 'test_user_99', 'https://gravatar.com/avatar/dba6bae8c566f9d4041fb9cd9ada7741?d=identicon&f=y');